"lineid:integer:p:line[linename]","stationid:integer:p:station[stationname]","kilo:integer","kilocompanyid:integer::company[companyname]"
"江差","江差",0,
"江差","上ノ国",61,
"江差","中須田",93,
"江差","桂岡",114,
"江差","宮越",136,
"江差","湯ノ岱",207,
"江差","神明",235,
"江差","吉堀",367,
"江差","渡島鶴岡",398,
"江差","木古内",421,
"江差","札苅",459,
"江差","泉沢",493,
"江差","釜谷",524,
"江差","渡島当別",573,
"江差","茂辺地",623,
"江差","上磯",711,
"江差","清川口",723,
"江差","久根別",734,
"江差","東久根別",746,
"江差","七重浜",772,
"江差","五稜郭",799,
"海峡","中小国",0,
"海峡","津軽今別",130,
"海峡","竜飛海底",325,
"海峡","吉岡海底",555,
"海峡","知内",760,
"海峡","木古内",878,
"札沼","桑園",0,
"札沼","八軒",22,
"札沼","新川",37,
"札沼","新琴似",56,
"札沼","太平",73,
"札沼","百合が原",86,
"札沼","篠路",102,
"札沼","拓北",122,
"札沼","あいの里教育大",136,
"札沼","あいの里公園",151,
"札沼","石狩太美",193,
"札沼","石狩当別",259,
"札沼","北海道医療大学",289,
"札沼","石狩金沢",311,
"札沼","本中小屋",356,
"札沼","中小屋",388,
"札沼","月ヶ岡",416,
"札沼","知来乙",442,
"札沼","石狩月形",463,
"札沼","豊ヶ岡",510,
"札沼","札比内",535,
"札沼","晩生内",580,
"札沼","札的",609,
"札沼","浦臼",627,
"札沼","鶴沼",661,
"札沼","於札内",679,
"札沼","南下徳富",694,
"札沼","下徳富",715,
"札沼","新十津川",765,
"石勝","南千歳",0,
"石勝","（室）追分",176,
"石勝","東追分",216,
"石勝","川端",270,
"石勝","滝ノ上",358,
"石勝","十三里",402,
"石勝","新夕張",430,
"石勝","占冠",773,
"石勝","トマム",986,
"石勝","新得",1324,
"石勝2","新夕張",0,
"石勝2","沼ノ沢",27,
"石勝2","南清水沢",67,
"石勝2","清水沢",82,
"石勝2","鹿ノ谷",148,
"石勝2","夕張",161,
"石北","新旭川",0,
"石北","南永山",25,
"石北","東旭川",52,
"石北","北日ノ出",73,
"石北","桜岡",102,
"石北","当麻",139,
"石北","将軍山",174,
"石北","伊香牛",195,
"石北","愛別",259,
"石北","中愛別",320,
"石北","愛山",360,
"石北","安足間",380,
"石北","東雲",404,
"石北","上川",449,
"石北","上白滝",789,
"石北","白滝",822,
"石北","旧白滝",883,
"石北","下白滝",927,
"石北","丸瀬布",1019,
"石北","瀬戸瀬",1097,
"石北","遠軽",1208,
"石北","安国",1288,
"石北","（石）生野",1327,
"石北","生田原",1377,
"石北","金華",1527,
"石北","西留辺蘂",1562,
"石北","留辺蘂",1582,
"石北","相内",1691,
"石北","東相内",1737,
"石北","西北見",1763,
"石北","北見",1810,
"石北","柏陽",1837,
"石北","愛し野",1859,
"石北","端野",1873,
"石北","緋牛内",1946,
"石北","美幌",2061,
"石北","西女満別",2131,
"石北","女満別",2181,
"石北","呼人",2259,
"石北","網走",2340,
"釧網","網走",0,
"釧網","桂台",14,
"釧網","鱒浦",62,
"釧網","藻琴",87,
"釧網","北浜",115,
"釧網","原生花園",169,
"釧網","浜小清水",201,
"釧網","止別",258,
"釧網","知床斜里",373,
"釧網","中斜里",419,
"釧網","南斜里",441,
"釧網","清里町",492,
"釧網","札弦",570,
"釧網","緑",653,
"釧網","川湯温泉",798,
"釧網","美留和",870,
"釧網","摩周",957,
"釧網","南弟子屈",1039,
"釧網","磯分内",1104,
"釧網","標茶",1210,
"釧網","五十石",1295,
"釧網","茅沼",1349,
"釧網","塘路",1419,
"釧網","細岡",1491,
"釧網","釧路湿原",1515,
"釧網","遠矢",1588,
"釧網","東釧路",1662,
"宗谷","旭川",0,
"宗谷","旭川四条",18,
"宗谷","新旭川",37,
"宗谷","永山",93,
"宗谷","北永山",114,
"宗谷","南比布",147,
"宗谷","比布",171,
"宗谷","北比布",202,
"宗谷","蘭留",228,
"宗谷","塩狩",284,
"宗谷","和寒",363,
"宗谷","東六線",414,
"宗谷","剣淵",452,
"宗谷","北剣淵",502,
"宗谷","士別",539,
"宗谷","下士別",583,
"宗谷","多寄",617,
"宗谷","瑞穂",645,
"宗谷","風連",681,
"宗谷","東風連",726,
"宗谷","名寄",762,
"宗谷","（宗）日進",802,
"宗谷","北星",893,
"宗谷","智恵文",912,
"宗谷","智北",933,
"宗谷","南美深",956,
"宗谷","美深",983,
"宗谷","初野",1019,
"宗谷","紋穂内",1050,
"宗谷","恩根内",1121,
"宗谷","豊清水",1179,
"宗谷","天塩川温泉",1215,
"宗谷","咲来",1247,
"宗谷","音威子府",1293,
"宗谷","筬島",1356,
"宗谷","佐久",1536,
"宗谷","天塩中川",1619,
"宗谷","歌内",1703,
"宗谷","問寒別",1758,
"宗谷","糠南",1780,
"宗谷","雄信内",1837,
"宗谷","安牛",1897,
"宗谷","南幌延",1916,
"宗谷","上幌延",1946,
"宗谷","幌延",1994,
"宗谷","下沼",2072,
"宗谷","豊富",2159,
"宗谷","徳満",2209,
"宗谷","兜沼",2309,
"宗谷","勇知",2367,
"宗谷","抜海",2450,
"宗谷","南稚内",2567,
"宗谷","稚内",2594,
"千歳","（函）白石",0,
"千歳","平和",22,
"千歳","新札幌",51,
"千歳","上野幌",80,
"千歳","北広島",160,
"千歳","島松",225,
"千歳","恵み野",247,
"千歳","恵庭",272,
"千歳","サッポロビール庭園",295,
"千歳","長都",317,
"千歳","（千）千歳",352,
"千歳","南千歳",382,
"千歳","美々",427,
"千歳","植苗",502,
"千歳","沼ノ端",566,
"千歳2","南千歳",0,
"千歳2","新千歳空港",26,
"根室","滝川",0,
"根室","東滝川",72,
"根室","赤平",137,
"根室","茂尻",172,
"根室","平岸",207,
"根室","芦別",266,
"根室","上芦別",305,
"根室","野花南",352,
"根室","島ノ下",491,
"根室","富良野",546,
"根室","布部",609,
"根室","山部",667,
"根室","下金山",747,
"根室","（根）金山",816,
"根室","東鹿越",948,
"根室","幾寅",988,
"根室","落合",1082,
"根室","新得",1363,
"根室","十勝清水",1454,
"根室","羽帯",1529,
"根室","御影",1559,
"根室","芽室",1665,
"根室","大成",1686,
"根室","西帯広",1734,
"根室","柏林台",1766,
"根室","帯広",1801,
"根室","札内",1849,
"根室","稲士別",1885,
"根室","幕別",1943,
"根室","利別",2008,
"根室","池田",2043,
"根室","十弗",2128,
"根室","豊頃",2182,
"根室","新吉野",2253,
"根室","浦幌",2317,
"根室","上厚内",2435,
"根室","厚内",2501,
"根室","直別",2573,
"根室","尺別",2613,
"根室","音別",2651,
"根室","古瀬",2748,
"根室","白糠",2811,
"根室","西庶路",2865,
"根室","庶路",2886,
"根室","大楽毛",2990,
"根室","新大楽毛",3008,
"根室","（根）新富士",3057,
"根室","釧路",3084,
"根室","東釧路",3113,
"根室","武佐",3125,
"根室","別保",3170,
"根室","上尾幌",3317,
"根室","尾幌",3409,
"根室","門静",3501,
"根室","厚岸",3550,
"根室","糸魚沢",3656,
"根室","茶内",3752,
"根室","浜中",3822,
"根室","姉別",3923,
"根室","厚床",3989,
"根室","初田牛",4060,
"根室","別当賀",4145,
"根室","落石",4248,
"根室","昆布盛",4288,
"根室","西和田",4336,
"根室","花咲",4382,
"根室","東根室",4423,
"根室","根室",4438,
"函館","函館",0,
"函館","五稜郭",34,
"函館","桔梗",83,
"函館","大中山",104,
"函館","七飯",138,
"函館","渡島大野",179,
"函館","仁山",212,
"函館","大沼",270,
"函館","大沼公園",280,
"函館","赤井川",317,
"函館","駒ヶ岳",365,
"函館","東山",401,
"函館","（函）姫川",442,
"函館","森",495,
"函館","（函）桂川",522,
"函館","石谷",561,
"函館","本石倉",600,
"函館","石倉",621,
"函館","落部",661,
"函館","野田生",714,
"函館","山越",760,
"函館","八雲",811,
"函館","鷲ノ巣",842,
"函館","（函）山崎",883,
"函館","黒岩",944,
"函館","北豊津",982,
"函館","国縫",1028,
"函館","中ノ沢",1077,
"函館","長万部",1123,
"函館","二股",1209,
"函館","蕨岱",1269,
"函館","黒松内",1323,
"函館","熱郛",1404,
"函館","目名",1558,
"函館","蘭越",1634,
"函館","昆布",1703,
"函館","ニセコ",1796,
"函館","比羅夫",1866,
"函館","倶知安",1933,
"函館","小沢",2036,
"函館","銀山",2134,
"函館","然別",2241,
"函館","仁木",2282,
"函館","余市",2326,
"函館","蘭島",2379,
"函館","塩谷",2448,
"函館","小樽",2525,
"函館","南小樽",2541,
"函館","小樽築港",2562,
"函館","朝里",2593,
"函館","銭函",2681,
"函館","ほしみ",2710,
"函館","星置",2726,
"函館","稲穂",2737,
"函館","手稲",2757,
"函館","稲積公園",2770,
"函館","発寒",2792,
"函館","発寒中央",2810,
"函館","琴似",2825,
"函館","桑園",2847,
"函館","札幌",2863,
"函館","苗穂",2885,
"函館","（函）白石",2921,
"函館","厚別",2965,
"函館","森林公園",2985,
"函館","大麻",3008,
"函館","野幌",3042,
"函館","高砂",3055,
"函館","江別",3073,
"函館","豊幌",3135,
"函館","幌向",3167,
"函館","上幌向",3226,
"函館","岩見沢",3269,
"函館","峰延",3353,
"函館","光珠内",3398,
"函館","美唄",3437,
"函館","茶志内",3481,
"函館","奈井江",3543,
"函館","豊沼",3590,
"函館","砂川",3622,
"函館","滝川",3698,
"函館","江部乙",3782,
"函館","妹背牛",3857,
"函館","深川",3929,
"函館","納内",4003,
"函館","伊納",4130,
"函館","近文",4191,
"函館","旭川",4231,
"函館2","大沼",0,
"函館2","池田園",34,
"函館2","流山温泉",56,
"函館2","銚子口",68,
"函館2","鹿部",146,
"函館2","渡島沼尻",200,
"函館2","渡島砂原",253,
"函館2","掛澗",290,
"函館2","尾白内",319,
"函館2","東森",335,
"函館2","森",353,
"日高","苫小牧",0,
"日高","勇払",131,
"日高","浜厚真",227,
"日高","浜田浦",270,
"日高","鵡川",305,
"日高","汐見",345,
"日高","富川",436,
"日高","日高門別",513,
"日高","豊郷",563,
"日高","清畠",611,
"日高","厚賀",656,
"日高","大狩部",711,
"日高","節婦",731,
"日高","新冠",772,
"日高","静内",821,
"日高","東静内",909,
"日高","春立",970,
"日高","日高東別",994,
"日高","日高三石",1058,
"日高","蓬栄",1098,
"日高","本桐",1130,
"日高","荻伏",1202,
"日高","絵笛",1251,
"日高","浦河",1303,
"日高","東町",1324,
"日高","日高幌別",1369,
"日高","鵜苫",1411,
"日高","西様似",1436,
"日高","様似",1465,
"富良野","富良野",0,
"富良野","学田",23,
"富良野","鹿討",51,
"富良野","中富良野",75,
"富良野","ラベンダー畑",90,
"富良野","西中",106,
"富良野","上富良野",151,
"富良野","美馬牛",242,
"富良野","美瑛",310,
"富良野","北美瑛",345,
"富良野","千代ヶ岡",382,
"富良野","西聖和",425,
"富良野","西神楽",449,
"富良野","西瑞穂",474,
"富良野","西御料",496,
"富良野","緑が丘",508,
"富良野","神楽岡",524,
"富良野","旭川",548,
"室蘭","長万部",0,
"室蘭","静狩",106,
"室蘭","小幌",175,
"室蘭","礼文",236,
"室蘭","大岸",277,
"室蘭","豊浦",361,
"室蘭","洞爺",415,
"室蘭","有珠",466,
"室蘭","長和",515,
"室蘭","伊達紋別",545,
"室蘭","北舟岡",574,
"室蘭","稀府",606,
"室蘭","黄金",651,
"室蘭","崎守",673,
"室蘭","本輪西",727,
"室蘭","東室蘭",772,
"室蘭","鷲別",791,
"室蘭","幌別",868,
"室蘭","（室）富浦",923,
"室蘭","登別",947,
"室蘭","虎杖浜",981,
"室蘭","竹浦",1029,
"室蘭","北吉原",1057,
"室蘭","萩野",1078,
"室蘭","白老",1136,
"室蘭","社台",1191,
"室蘭","錦岡",1254,
"室蘭","糸井",1306,
"室蘭","青葉",1328,
"室蘭","苫小牧",1352,
"室蘭","沼ノ端",1440,
"室蘭","遠浅",1529,
"室蘭","早来",1583,
"室蘭","安平",1640,
"室蘭","（室）追分",1708,
"室蘭","（室）三川",1788,
"室蘭","古山",1822,
"室蘭","由仁",1864,
"室蘭","栗山",1915,
"室蘭","栗丘",1957,
"室蘭","栗沢",1996,
"室蘭","志文",2039,
"室蘭","岩見沢",2110,
"室蘭2","東室蘭",0,
"室蘭2","輪西",23,
"室蘭2","御崎",42,
"室蘭2","母恋",59,
"室蘭2","室蘭",70,
"留萌","深川",0,
"留萌","北一已",38,
"留萌","秩父別",88,
"留萌","北秩父別",112,
"留萌","石狩沼田",144,
"留萌","真布",178,
"留萌","恵比島",207,
"留萌","峠下",283,
"留萌","幌糠",345,
"留萌","藤山",400,
"留萌","大和田",442,
"留萌","留萌",501,
"留萌","瀬越",522,
"留萌","礼受",562,
"留萌","阿分",575,
"留萌","信砂",602,
"留萌","舎熊",610,
"留萌","朱文別",627,
"留萌","箸別",640,
"留萌","増毛",668,
,,,
"津軽","青森",0,
"津軽","油川",60,
"津軽","津軽宮田",97,
"津軽","奥内",115,
"津軽","左堰",131,
"津軽","後潟",147,
"津軽","中沢",168,
"津軽","蓬田",191,
"津軽","郷沢",211,
"津軽","瀬辺地",234,
"津軽","蟹田",270,
"津軽","中小国",314,
"津軽","大平",350,
"津軽","津軽二股",466,
"津軽","大川平",486,
"津軽","今別",510,
"津軽","津軽浜名",527,
"津軽","三厩",558,
"東北","東京",0,
"東北","神田",13,
"東北","秋葉原",20,
"東北","御徒町",30,
"東北","上野",36,
"東北","鶯谷",47,
"東北","日暮里",58,
"東北","西日暮里",63,
"東北","田端",71,
"東北","上中里",88,
"東北","王子",99,
"東北","東十条",114,
"東北","赤羽",132,
"東北","川口",158,
"東北","西川口",178,
"東北","蕨",197,
"東北","南浦和",225,
"東北","浦和",242,
"東北","北浦和",260,
"東北","与野",276,
"東北","さいたま新都心",287,
"東北","大宮",303,
"東北","土呂",333,
"東北","東大宮",354,
"東北","蓮田",392,
"東北","白岡",435,
"東北","新白岡",459,
"東北","久喜",489,
"東北","東鷲宮",516,
"東北","栗橋",572,
"東北","古河",647,
"東北","野木",694,
"東北","間々田",733,
"東北","小山",806,
"東北","小金井",881,
"東北","自治医大",907,
"東北","石橋",954,
"東北","雀宮",1018,
"東北","宇都宮",1095,
"東北","岡本",1157,
"東北","宝積寺",1212,
"東北","氏家",1271,
"東北","蒲須坂",1316,
"東北","片岡",1355,
"東北","矢板",1418,
"東北","（北）野崎",1466,
"東北","西那須野",1518,
"東北","那須塩原",1578,
"東北","黒磯",1633,
"東北","高久",1673,
"東北","黒田原",1715,
"東北","豊原",1767,
"東北","白坂",1820,
"東北","新白河",1854,
"東北","白河",1882,
"東北","久田野",1929,
"東北","泉崎",1974,
"東北","矢吹",2034,
"東北","鏡石",2088,
"東北","須賀川",2151,
"東北","安積永盛",2218,
"東北","（北）郡山",2267,
"東北","日和田",2324,
"東北","五百川",2369,
"東北","本宮",2407,
"東北","杉田",2466,
"東北","二本松",2503,
"東北","安達",2545,
"東北","松川",2595,
"東北","金谷川",2640,
"東北","南福島",2694,
"東北","（北）福島",2728,
"東北","東福島",2788,
"東北","伊達",2819,
"東北","桑折",2859,
"東北","藤田",2893,
"東北","貝田",2949,
"東北","越河",2986,
"東北","（北）白石",3068,
"東北","東白石",3110,
"東北","北白川",3153,
"東北","（北）大河原",3201,
"東北","（北）船岡",3231,
"東北","槻木",3277,
"東北","岩沼",3379,
"東北","館腰",3414,
"東北","名取",3441,
"東北","南仙台",3463,
"東北","長町",3473,
"東北","仙台",3518,
"東北","東仙台",3558,
"東北","岩切",3599,
"東北","陸前山王",3622,
"東北","国府多賀城",3635,
"東北","塩釜",3652,
"東北","松島",3752,
"東北","愛宕",3772,
"東北","品井沼",3816,
"東北","鹿島台",3866,
"東北","松山町",3915,
"東北","小牛田",3950,
"東北","田尻",4011,
"東北","瀬峰",4078,
"東北","梅ヶ沢",4115,
"東北","（北）新田",4162,
"東北","石越",4235,
"東北","油島",4270,
"東北","花泉",4312,
"東北","清水原",4344,
"東北","有壁",4378,
"東北","一ノ関",4451,
"東北","山ノ目",4480,
"東北","平泉",4523,
"東北","前沢",4599,
"東北","陸中折居",4651,
"東北","水沢",4701,
"東北","金ヶ崎",4777,
"東北","六原",4811,
"東北","北上",4875,
"東北","村崎野",4922,
"東北","花巻",5000,
"東北","花巻空港",5057,
"東北","石鳥谷",5114,
"東北","日詰",5168,
"東北","紫波中央",5186,
"東北","古館",5215,
"東北","矢幅",5251,
"東北","岩手飯岡",5296,
"東北","仙北町",5335,
"東北","盛岡",5353,
"東北2","日暮里",0,
"東北2","尾久",26,
"東北2","赤羽",76,
"東北3","岩切",0,
"東北3","新利府",25,
"東北3","利府",42,
"大湊","野辺地",0,
"大湊","北野辺地",28,
"大湊","有戸",96,
"大湊","吹越",230,
"大湊","陸奥横浜",301,
"大湊","有畑",360,
"大湊","近川",427,
"大湊","金谷沢",477,
"大湊","赤川",532,
"大湊","下北",555,
"大湊","大湊",584,
"八戸","八戸",0,
"八戸","長苗代",34,
"八戸","本八戸",55,
"八戸","小中野",73,
"八戸","陸奥湊",90,
"八戸","白銀",103,
"八戸","鮫",118,
"八戸","プレイピア白浜",162,
"八戸","陸奥白浜",175,
"八戸","種差海岸",196,
"八戸","大久喜",218,
"八戸","金浜",243,
"八戸","大蛇",258,
"八戸","階上",275,
"八戸","角の浜",295,
"八戸","平内",321,
"八戸","種市",342,
"八戸","玉川",381,
"八戸","宿戸",400,
"八戸","陸中八木",431,
"八戸","有家",458,
"八戸","陸中中野",484,
"八戸","侍浜",544,
"八戸","陸中夏井",617,
"八戸","久慈",649,
"奥羽","（北）福島",0,
"奥羽","笹木野",38,
"奥羽","庭坂",69,
"奥羽","赤岩",146,
"奥羽","板谷",212,
"奥羽","峠",245,
"奥羽","（奥）大沢",288,
"奥羽","関根",348,
"奥羽","米沢",401,
"奥羽","置賜",456,
"奥羽","高畠",499,
"奥羽","赤湯",561,
"奥羽","中川",644,
"奥羽","羽前中山",683,
"奥羽","かみのやま温泉",750,
"奥羽","茂吉記念館前",778,
"奥羽","蔵王",818,
"奥羽","山形",871,
"奥羽","北山形",890,
"奥羽","羽前千歳",919,
"奥羽","南出羽",936,
"奥羽","漆山",949,
"奥羽","高擶",970,
"奥羽","天童",1004,
"奥羽","乱川",1034,
"奥羽","神町",1063,
"奥羽","さくらんぼ東根",1081,
"奥羽","東根",1106,
"奥羽","村山",1135,
"奥羽","袖崎",1215,
"奥羽","大石田",1269,
"奥羽","北大石田",1308,
"奥羽","芦沢",1337,
"奥羽","舟形",1403,
"奥羽","新庄",1486,
"奥羽","泉田",1542,
"奥羽","羽前豊里",1613,
"奥羽","真室川",1640,
"奥羽","釜淵",1732,
"奥羽","大滝",1803,
"奥羽","及位",1858,
"奥羽","院内",1944,
"奥羽","横堀",1984,
"奥羽","三関",2044,
"奥羽","上湯沢",2071,
"奥羽","湯沢",2104,
"奥羽","下湯沢",2145,
"奥羽","十文字",2178,
"奥羽","醍醐",2212,
"奥羽","柳田",2244,
"奥羽","横手",2283,
"奥羽","後三年",2347,
"奥羽","飯詰",2398,
"奥羽","大曲",2470,
"奥羽","神宮寺",2530,
"奥羽","刈和野",2606,
"奥羽","峰吉川",2654,
"奥羽","羽後境",2719,
"奥羽","大張野",2800,
"奥羽","和田",2854,
"奥羽","四ツ小屋",2923,
"奥羽","秋田",2987,
"奥羽","土崎",3058,
"奥羽","上飯島",3083,
"奥羽","（奥）追分",3117,
"奥羽","（奥）大久保",3189,
"奥羽","羽後飯塚",3222,
"奥羽","井川さくら",3236,
"奥羽","八郎潟",3275,
"奥羽","鯉川",3330,
"奥羽","鹿渡",3384,
"奥羽","森岳",3451,
"奥羽","北金岡",3494,
"奥羽","東能代",3554,
"奥羽","鶴形",3603,
"奥羽","富根",3655,
"奥羽","二ツ井",3722,
"奥羽","前山",3795,
"奥羽","鷹ノ巣",3849,
"奥羽","糠沢",3881,
"奥羽","早口",3935,
"奥羽","下川沿",3977,
"奥羽","大館",4029,
"奥羽","（奥）白沢",4094,
"奥羽","陣場",4165,
"奥羽","津軽湯の沢",4223,
"奥羽","碇ヶ関",4272,
"奥羽","長峰",4320,
"奥羽","大鰐温泉",4353,
"奥羽","石川",4407,
"奥羽","弘前",4471,
"奥羽","撫牛子",4498,
"奥羽","川部",4534,
"奥羽","北常盤",4566,
"奥羽","浪岡",4621,
"奥羽","大釈迦",4672,
"奥羽","鶴ヶ坂",4734,
"奥羽","津軽新城",4788,
"奥羽","新青森",4806,
"奥羽","青森",4845,
"五能","東能代",0,
"五能","能代",39,
"五能","向能代",61,
"五能","北能代",93,
"五能","鳥形",112,
"五能","沢目",141,
"五能","東八森",180,
"五能","八森",227,
"五能","滝ノ間",245,
"五能","あきた白神",261,
"五能","岩館",291,
"五能","大間越",399,
"五能","白神岳登山口",423,
"五能","松神",447,
"五能","十二湖",466,
"五能","陸奥岩崎",509,
"五能","陸奥沢辺",536,
"五能","ウェスパ椿山",560,
"五能","艫作",579,
"五能","横磯",614,
"五能","深浦",669,
"五能","広戸",708,
"五能","追良瀬",729,
"五能","驫木",760,
"五能","風合瀬",790,
"五能","大戸瀬",839,
"五能","千畳敷",860,
"五能","北金ヶ沢",906,
"五能","陸奥柳田",933,
"五能","陸奥赤石",974,
"五能","鰺ヶ沢",1038,
"五能","鳴沢",1083,
"五能","越水",1110,
"五能","陸奥森田",1145,
"五能","（能）中田",1169,
"五能","木造",1195,
"五能","五所川原",1257,
"五能","陸奥鶴田",1317,
"五能","鶴泊",1341,
"五能","板柳",1389,
"五能","林崎",1419,
"五能","藤崎",1447,
"五能","川部",1472,
"花輪","好摩",0,
"花輪","東大更",49,
"花輪","大更",90,
"花輪","平館",137,
"花輪","北森",156,
"花輪","松尾八幡平",178,
"花輪","安比高原",250,
"花輪","赤坂田",300,
"花輪","小屋の畑",336,
"花輪","荒屋新町",376,
"花輪","横間",403,
"花輪","田山",491,
"花輪","兄畑",558,
"花輪","湯瀬温泉",599,
"花輪","八幡平",642,
"花輪","陸中大里",661,
"花輪","鹿角花輪",697,
"花輪","柴平",744,
"花輪","十和田南",777,
"花輪","末広",822,
"花輪","土深井",846,
"花輪","沢尻",866,
"花輪","十二所",896,
"花輪","大滝温泉",921,
"花輪","扇田",986,
"花輪","東大館",1033,
"花輪","大館",1069,
"山田","盛岡",0,
"山田","上盛岡",28,
"山田","山岸",49,
"山田","上米内",99,
"山田","大志田",192,
"山田","浅岸",276,
"山田","区界",356,
"山田","松草",436,
"山田","平津戸",522,
"山田","（山）川内",615,
"山田","箱石",657,
"山田","陸中川井",735,
"山田","腹帯",826,
"山田","茂市",870,
"山田","蟇目",915,
"山田","花原市",942,
"山田","千徳",988,
"山田","宮古",1021,
"山田","磯鶏",1041,
"山田","津軽石",1113,
"山田","豊間根",1175,
"山田","陸中山田",1286,
"山田","織笠",1308,
"山田","岩手船越",1336,
"山田","浪板海岸",1400,
"山田","吉里吉里",1418,
"山田","大槌",1452,
"山田","鵜住居",1492,
"山田","両石",1514,
"山田","釜石",1575,
"岩泉","茂市",0,
"岩泉","岩手刈屋",47,
"岩泉","中里",72,
"岩泉","岩手和井内",100,
"岩泉","押角",158,
"岩泉","岩手大川",253,
"岩泉","浅内",310,
"岩泉","二升石",338,
"岩泉","岩泉",384,
"釜石","花巻",0,
"釜石","似内",35,
"釜石","新花巻",64,
"釜石","小山田",83,
"釜石","土沢",127,
"釜石","晴山",159,
"釜石","岩根橋",217,
"釜石","宮守",251,
"釜石","柏木平",312,
"釜石","鱒沢",336,
"釜石","荒谷前",364,
"釜石","岩手二日町",393,
"釜石","綾織",411,
"釜石","遠野",460,
"釜石","青笹",503,
"釜石","岩手上郷",538,
"釜石","平倉",566,
"釜石","足ヶ瀬",612,
"釜石","上有住",654,
"釜石","陸中大橋",737,
"釜石","洞泉",796,
"釜石","松倉",832,
"釜石","小佐野",865,
"釜石","釜石",902,
"男鹿","（奥）追分",0,
"男鹿","出戸浜",51,
"男鹿","上二田",83,
"男鹿","二田",104,
"男鹿","天王",132,
"男鹿","船越",149,
"男鹿","脇本",189,
"男鹿","羽立",237,
"男鹿","男鹿",266,
"羽越","新津",0,
"羽越","京ヶ瀬",61,
"羽越","水原",102,
"羽越","神山",139,
"羽越","月岡",178,
"羽越","中浦",215,
"羽越","新発田",260,
"羽越","加治",303,
"羽越","金塚",353,
"羽越","中条",391,
"羽越","平木田",447,
"羽越","坂町",480,
"羽越","平林",516,
"羽越","岩船町",552,
"羽越","村上",594,
"羽越","間島",665,
"羽越","越後早川",714,
"羽越","桑川",783,
"羽越","今川",826,
"羽越","越後寒川",875,
"羽越","勝木",928,
"羽越","府屋",959,
"羽越","鼠ヶ関",1010,
"羽越","小岩川",1054,
"羽越","あつみ温泉",1098,
"羽越","五十川",1157,
"羽越","小波渡",1201,
"羽越","三瀬",1232,
"羽越","羽前水沢",1289,
"羽越","羽前大山",1334,
"羽越","鶴岡",1394,
"羽越","藤島",1460,
"羽越","西袋",1511,
"羽越","余目",1547,
"羽越","北余目",1574,
"羽越","砂越",1604,
"羽越","東酒田",1637,
"羽越","酒田",1669,
"羽越","本楯",1733,
"羽越","南鳥海",1759,
"羽越","遊佐",1791,
"羽越","吹浦",1861,
"羽越","女鹿",1897,
"羽越","小砂川",1948,
"羽越","上浜",1985,
"羽越","象潟",2034,
"羽越","金浦",2092,
"羽越","仁賀保",2147,
"羽越","西目",2231,
"羽越","羽後本荘",2289,
"羽越","羽後岩谷",2360,
"羽越","折渡",2407,
"羽越","羽後亀田",2437,
"羽越","岩城みなと",2502,
"羽越","道川",2518,
"羽越","下浜",2584,
"羽越","桂根",2617,
"羽越","新屋",2657,
"羽越","羽後牛島",2690,
"羽越","秋田",2717,
"田沢湖","盛岡",0,
"田沢湖","大釜",60,
"田沢湖","小岩井",105,
"田沢湖","雫石",160,
"田沢湖","春木場",187,
"田沢湖","赤渕",220,
"田沢湖","田沢湖",401,
"田沢湖","刺巻",444,
"田沢湖","（田沢）神代",528,
"田沢湖","生田",553,
"田沢湖","角館",588,
"田沢湖","鶯野",616,
"田沢湖","羽後長野",646,
"田沢湖","鑓見内",679,
"田沢湖","羽後四ツ屋",702,
"田沢湖","北大曲",720,
"田沢湖","大曲",756,
"北上","北上",0,
"北上","（北上）柳原",21,
"北上","江釣子",52,
"北上","藤根",84,
"北上","立川目",121,
"北上","横川目",143,
"北上","岩沢",181,
"北上","和賀仙人",203,
"北上","ゆだ錦秋湖",288,
"北上","ほっとゆだ",352,
"北上","ゆだ高原",391,
"北上","黒沢",443,
"北上","小松川",496,
"北上","平石",516,
"北上","相野々",534,
"北上","矢美津",566,
"北上","横手",611,
"大船渡","一ノ関",0,
"大船渡","真滝",57,
"大船渡","陸中門崎",137,
"大船渡","岩ノ下",175,
"大船渡","陸中松川",213,
"大船渡","猊鼻渓",233,
"大船渡","柴宿",261,
"大船渡","摺沢",306,
"大船渡","千厩",398,
"大船渡","小梨",434,
"大船渡","矢越",476,
"大船渡","折壁",497,
"大船渡","新月",553,
"大船渡","気仙沼",620,
"大船渡","鹿折唐桑",642,
"大船渡","上鹿折",695,
"大船渡","陸前矢作",795,
"大船渡","竹駒",825,
"大船渡","陸前高田",854,
"大船渡","脇ノ沢",883,
"大船渡","小友",928,
"大船渡","細浦",971,
"大船渡","下船渡",1002,
"大船渡","大船渡",1031,
"大船渡","盛",1057,
"気仙沼","前谷地",0,
"気仙沼","和渕",32,
"気仙沼","のの岳",62,
"気仙沼","陸前豊里",103,
"気仙沼","御岳堂",136,
"気仙沼","柳津",175,
"気仙沼","陸前横山",223,
"気仙沼","陸前戸倉",295,
"気仙沼","志津川",337,
"気仙沼","清水浜",382,
"気仙沼","歌津",423,
"気仙沼","陸前港",449,
"気仙沼","蔵内",467,
"気仙沼","陸前小泉",487,
"気仙沼","本吉",515,
"気仙沼","小金沢",546,
"気仙沼","大谷海岸",583,
"気仙沼","陸前階上",616,
"気仙沼","最知",633,
"気仙沼","松岩",656,
"気仙沼","南気仙沼",683,
"気仙沼","不動の沢",696,
"気仙沼","気仙沼",728,
"石巻","小牛田",0,
"石巻","上涌谷",35,
"石巻","涌谷",62,
"石巻","前谷地",128,
"石巻","佳景山",171,
"石巻","鹿又",212,
"石巻","曽波神",237,
"石巻","石巻",279,
"石巻","陸前稲井",309,
"石巻","渡波",359,
"石巻","万石浦",370,
"石巻","沢田",383,
"石巻","浦宿",424,
"石巻","女川",449,
"仙石","あおば通",0,
"仙石","仙台",5,
"仙石","榴ヶ岡",13,
"仙石","宮城野原",24,
"仙石","陸前原ノ町",32,
"仙石","苦竹",40,
"仙石","小鶴新田",56,
"仙石","福田町",77,
"仙石","陸前高砂",86,
"仙石","中野栄",103,
"仙石","多賀城",126,
"仙石","下馬",144,
"仙石","西塩釜",152,
"仙石","本塩釜",160,
"仙石","東塩釜",172,
"仙石","陸前浜田",203,
"仙石","松島海岸",232,
"仙石","高城町",255,
"仙石","手樽",273,
"仙石","陸前富山",286,
"仙石","陸前大塚",308,
"仙石","東名",324,
"仙石","野蒜",340,
"仙石","陸前小野",372,
"仙石","鹿妻",388,
"仙石","矢本",414,
"仙石","東矢本",428,
"仙石","陸前赤井",443,
"仙石","蛇田",478,
"仙石","陸前山下",488,
"仙石","石巻",502,
"陸羽東","小牛田",0,
"陸羽東","北浦",45,
"陸羽東","陸前谷地",66,
"陸羽東","古川",94,
"陸羽東","塚目",121,
"陸羽東","西古川",159,
"陸羽東","東大崎",191,
"陸羽東","西大崎",219,
"陸羽東","岩出山",248,
"陸羽東","有備館",258,
"陸羽東","上野目",286,
"陸羽東","池月",324,
"陸羽東","川渡温泉",388,
"陸羽東","鳴子御殿湯",427,
"陸羽東","鳴子温泉",449,
"陸羽東","中山平温泉",500,
"陸羽東","堺田",553,
"陸羽東","赤倉温泉",611,
"陸羽東","立小路",628,
"陸羽東","最上",656,
"陸羽東","大堀",695,
"陸羽東","鵜杉",715,
"陸羽東","瀬見温泉",750,
"陸羽東","東長沢",810,
"陸羽東","長沢",828,
"陸羽東","南新庄",892,
"陸羽東","新庄",941,
"陸羽西","新庄",0,
"陸羽西","升形",75,
"陸羽西","羽前前波",106,
"陸羽西","津谷",129,
"陸羽西","古口",170,
"陸羽西","高屋",248,
"陸羽西","清川",311,
"陸羽西","狩川",349,
"陸羽西","南野",389,
"陸羽西","余目",430,
"左沢","北山形",0,
"左沢","東金井",31,
"左沢","羽前山辺",65,
"左沢","羽前金沢",95,
"左沢","羽前長崎",110,
"左沢","南寒河江",135,
"左沢","寒河江",153,
"左沢","西寒河江",164,
"左沢","羽前高松",193,
"左沢","柴橋",223,
"左沢","左沢",243,
"仙山","仙台",0,
"仙山","東照宮",32,
"仙山","北仙台",48,
"仙山","北山",65,
"仙山","東北福祉大前",75,
"仙山","国見",86,
"仙山","葛岡",101,
"仙山","陸前落合",127,
"仙山","愛子",152,
"仙山","陸前白沢",206,
"仙山","熊ヶ根",237,
"仙山","西仙台ハイランド",253,
"仙山","作並",287,
"仙山","八ツ森",308,
"仙山","奥新川",338,
"仙山","面白山高原",425,
"仙山","山寺",487,
"仙山","（仙山）高瀬",524,
"仙山","楯山",549,
"仙山","羽前千歳",580,
"常盤","日暮里",0,
"常盤","三河島",12,
"常盤","南千住",34,
"常盤","北千住",52,
"常盤","綾瀬",77,
"常盤","亀有",99,
"常盤","金町",118,
"常盤","松戸",157,
"常盤","北松戸",178,
"常盤","馬橋",191,
"常盤","新松戸",207,
"常盤","北小金",220,
"常盤","南柏",245,
"常盤","柏",269,
"常盤","北柏",292,
"常盤","我孫子",313,
"常盤","天王台",340,
"常盤","取手",374,
"常盤","藤代",434,
"常盤","佐貫",455,
"常盤","牛久",506,
"常盤","ひたち野うしく",545,
"常盤","荒川沖",572,
"常盤","土浦",638,
"常盤","神立",699,
"常盤","高浜",764,
"常盤","石岡",800,
"常盤","羽鳥",865,
"常盤","岩間",919,
"常盤","友部",988,
"常盤","内原",1035,
"常盤","赤塚",1093,
"常盤","偕楽園",1134,
"常盤","水戸",1153,
"常盤","勝田",1211,
"常盤","佐和",1253,
"常盤","東海",1300,
"常盤","大甕",1374,
"常盤","常陸多賀",1420,
"常盤","日立",1469,
"常盤","小木津",1524,
"常盤","十王",1566,
"常盤","高萩",1625,
"常盤","南中郷",1670,
"常盤","磯原",1716,
"常盤","大津港",1787,
"常盤","勿来",1832,
"常盤","植田",1878,
"常盤","泉",1950,
"常盤","湯本",2015,
"常盤","内郷",2050,
"常盤","いわき",2094,
"常盤","（常）草野",2148,
"常盤","四ツ倉",2192,
"常盤","久ノ浜",2240,
"常盤","末続",2276,
"常盤","（常）広野",2324,
"常盤","木戸",2378,
"常盤","竜田",2409,
"常盤","富岡",2478,
"常盤","夜ノ森",2530,
"常盤","大野",2579,
"常盤","双葉",2637,
"常盤","浪江",2686,
"常盤","桃内",2735,
"常盤","小高",2775,
"常盤","磐城太田",2824,
"常盤","原ノ町",2869,
"常盤","鹿島",2944,
"常盤","日立木",3011,
"常盤","相馬",3070,
"常盤","駒ヶ嶺",3114,
"常盤","新地",3158,
"常盤","坂元",3212,
"常盤","山下",3257,
"常盤","浜吉田",3296,
"常盤","亘理",3346,
"常盤","逢隈",3378,
"常盤","岩沼",3431,
,,,
"只見","会津若松",0,
"只見","七日町",13,
"只見","西若松",31,
"只見","会津本郷",65,
"只見","会津高田",113,
"只見","（只）根岸",148,
"只見","新鶴",168,
"只見","若宮",189,
"只見","会津坂下",216,
"只見","塔寺",260,
"只見","会津坂本",297,
"只見","会津柳津",333,
"只見","郷戸",369,
"只見","滝谷",396,
"只見","会津桧原",415,
"只見","会津西方",437,
"只見","会津宮下",454,
"只見","早戸",512,
"只見","会津水沼",551,
"只見","会津中川",583,
"只見","会津川口",608,
"只見","本名",636,
"只見","会津越川",700,
"只見","会津横田",732,
"只見","会津大塩",754,
"只見","会津塩沢",809,
"只見","会津蒲生",839,
"只見","只見",884,
"只見","田子倉",950,
"只見","大白川",1092,
"只見","柿ノ木",1124,
"只見","入広瀬",1156,
"只見","上条",1187,
"只見","越後須原",1231,
"只見","魚沼田中",1270,
"只見","越後広瀬",1295,
"只見","藪神",1316,
"只見","小出",1352,
"磐越東","いわき",0,
"磐越東","赤井",48,
"磐越東","小川郷",103,
"磐越東","江田",183,
"磐越東","川前",263,
"磐越東","夏井",367,
"磐越東","小野新町",401,
"磐越東","神俣",466,
"磐越東","菅谷",499,
"磐越東","大越",543,
"磐越東","磐城常葉",587,
"磐越東","船引",625,
"磐越東","要田",695,
"磐越東","三春",737,
"磐越東","舞木",798,
"磐越東","（北）郡山",856,
"磐越西","（北）郡山",0,
"磐越西","喜久田",79,
"磐越西","安子ヶ島",118,
"磐越西","磐梯熱海",154,
"磐越西","中山宿",208,
"磐越西","（磐）上戸",273,
"磐越西","猪苗代湖畔",293,
"磐越西","関都",310,
"磐越西","川桁",334,
"磐越西","猪苗代",367,
"磐越西","翁島",411,
"磐越西","磐梯町",512,
"磐越西","東長原",572,
"磐越西","広田",600,
"磐越西","会津若松",646,
"磐越西","堂島",701,
"磐越西","笈川",732,
"磐越西","塩川",751,
"磐越西","姥堂",775,
"磐越西","会津豊川",795,
"磐越西","喜多方",812,
"磐越西","山都",911,
"磐越西","荻野",972,
"磐越西","尾登",1010,
"磐越西","野沢",1062,
"磐越西","上野尻",1113,
"磐越西","徳沢",1180,
"磐越西","豊実",1213,
"磐越西","日出谷",1284,
"磐越西","鹿瀬",1336,
"磐越西","津川",1370,
"磐越西","（磐）三川",1444,
"磐越西","五十島",1486,
"磐越西","東下条",1525,
"磐越西","咲花",1556,
"磐越西","馬下",1584,
"磐越西","猿和田",1619,
"磐越西","五泉",1657,
"磐越西","北五泉",1675,
"磐越西","新関",1700,
"磐越西","東新津",1728,
"磐越西","新津",1756,
"白新","新潟",0,
"白新","東新潟",50,
"白新","大形",70,
"白新","新崎",96,
"白新","早通",115,
"白新","豊栄",150,
"白新","黒山",180,
"白新","佐々木",210,
"白新","西新発田",243,
"白新","新発田",273,
"上越","高崎",0,
"上越","高崎問屋町",28,
"上越","井野",40,
"上越","新前橋",73,
"上越","群馬総社",121,
"上越","八木原",177,
"上越","渋川",211,
"上越","敷島",275,
"上越","津久田",305,
"上越","岩本",363,
"上越","沼田",413,
"上越","後閑",465,
"上越","上牧",536,
"上越","水上",590,
"上越","湯檜曽",627,
"上越","土合",693,
"上越","土樽",801,
"上越","越後中里",874,
"上越","岩原スキー場前",911,
"上越","越後湯沢",942,
"上越","石打",1006,
"上越","（上）大沢",1046,
"上越","上越国際スキー場前",1056,
"上越","塩沢",1079,
"上越","六日町",1118,
"上越","五日町",1184,
"上越","浦佐",1239,
"上越","八色",1270,
"上越","小出",1322,
"上越","越後堀之内",1347,
"上越","北堀之内",1381,
"上越","越後川口",1428,
"上越","小千谷",1494,
"上越","越後滝谷",1566,
"上越","宮内",1626,
"上越2","越後湯沢",0,
"上越2","ガーラ湯沢",18,
"越後","柏崎",0,
"越後","東柏崎",16,
"越後","西中通",50,
"越後","荒浜",66,
"越後","刈羽",99,
"越後","西山",128,
"越後","礼拝",150,
"越後","石地",187,
"越後","小木ノ城",227,
"越後","出雲崎",248,
"越後","妙法寺",294,
"越後","小島谷",324,
"越後","桐原",362,
"越後","寺泊",390,
"越後","分水",415,
"越後","粟生津",458,
"越後","南吉田",478,
"越後","吉田",498,
"越後","北吉田",517,
"越後","岩室",538,
"越後","巻",578,
"越後","越後曽根",624,
"越後","越後赤塚",649,
"越後","内野西が丘",687,
"越後","内野",703,
"越後","新潟大学前",723,
"越後","寺尾",744,
"越後","小針",763,
"越後","青山",777,
"越後","関屋",792,
"越後","白山",807,
"越後","新潟",838,
"弥彦","弥彦",0,
"弥彦","矢作",23,
"弥彦","吉田",49,
"弥彦","西燕",80,
"弥彦","燕",103,
"弥彦","燕三条",129,
"弥彦","北三条",154,
"弥彦","東三条",174,
"信越1","篠ノ井",0,
"信越1","今井",21,
"信越1","川中島",43,
"信越1","安茂里",64,
"信越1","長野",93,
"信越1","北長野",132,
"信越1","三才",161,
"信越1","豊野",201,
"信越1","牟礼",279,
"信越1","古間",344,
"信越1","黒姫",382,
"信越1","妙高高原",466,
"信越1","関山",530,
"信越1","二本木",613,
"信越1","（信）新井",676,
"信越1","北新井",705,
"信越1","脇野田",739,
"信越1","南高田",756,
"信越1","（信）高田",776,
"信越1","春日山",815,
"信越1","直江津",843,
"信越1","（信）黒井",870,
"信越1","犀潟",914,
"信越1","土底浜",937,
"信越1","潟町",955,
"信越1","上下浜",983,
"信越1","柿崎",1019,
"信越1","米山",1078,
"信越1","笠島",1117,
"信越1","青海川",1139,
"信越1","鯨波",1169,
"信越1","柏崎",1206,
"信越1","茨目",1236,
"信越1","安田",1265,
"信越1","北条",1291,
"信越1","越後広田",1324,
"信越1","長鳥",1351,
"信越1","塚山",1401,
"信越1","越後岩塚",1448,
"信越1","来迎寺",1476,
"信越1","前川",1517,
"信越1","宮内",1543,
"信越1","長岡",1573,
"信越1","北長岡",1598,
"信越1","押切",1642,
"信越1","見附",1687,
"信越1","帯織",1728,
"信越1","東光寺",1754,
"信越1","三条",1789,
"信越1","東三条",1805,
"信越1","保内",1843,
"信越1","（信）加茂",1881,
"信越1","羽生田",1922,
"信越1","田上",1954,
"信越1","矢代田",1991,
"信越1","古津",2022,
"信越1","新津",2054,
"信越1","さつき野",2069,
"信越1","荻川",2092,
"信越1","亀田",2141,
"信越1","越後石山",2165,
"信越1","新潟",2206,
"信越2","高崎",0,
"信越2","北高崎",24,
"信越2","群馬八幡",64,
"信越2","安中",106,
"信越2","磯部",176,
"信越2","松井田",227,
"信越2","西松井田",239,
"信越2","（信）横川",297,
"飯山","豊野",0,
"飯山","信濃浅野",22,
"飯山","立ヶ花",39,
"飯山","上今井",69,
"飯山","替佐",88,
"飯山","蓮",146,
"飯山","飯山",192,
"飯山","北飯山",205,
"飯山","信濃平",238,
"飯山","戸狩野沢温泉",275,
"飯山","上境",311,
"飯山","上桑名川",354,
"飯山","桑名川",376,
"飯山","西大滝",397,
"飯山","信濃白鳥",418,
"飯山","平滝",447,
"飯山","横倉",466,
"飯山","森宮野原",497,
"飯山","足滝",525,
"飯山","越後田中",549,
"飯山","津南",579,
"飯山","越後鹿渡",621,
"飯山","越後田沢",645,
"飯山","越後水沢",675,
"飯山","土市",704,
"飯山","十日町",753,
"飯山","魚沼中条",784,
"飯山","下条",828,
"飯山","越後岩沢",881,
"飯山","内ヶ巻",932,
"飯山","越後川口",967,
"吾妻","渋川",0,
"吾妻","金島",55,
"吾妻","祖母島",77,
"吾妻","小野上",119,
"吾妻","小野上温泉",137,
"吾妻","市城",164,
"吾妻","中之条",198,
"吾妻","群馬原町",229,
"吾妻","郷原",263,
"吾妻","矢倉",280,
"吾妻","岩島",305,
"吾妻","川原湯温泉",364,
"吾妻","長野原草津口",423,
"吾妻","群馬大津",445,
"吾妻","羽根尾",467,
"吾妻","袋倉",496,
"吾妻","万座・鹿沢口",525,
"吾妻","大前",556,
"両毛","小山",0,
"両毛","思川",54,
"両毛","栃木",108,
"両毛","大平下",152,
"両毛","岩舟",193,
"両毛","佐野",266,
"両毛","（両）富田",311,
"両毛","足利",382,
"両毛","山前",427,
"両毛","小俣",473,
"両毛","桐生",529,
"両毛","岩宿",569,
"両毛","国定",633,
"両毛","伊勢崎",691,
"両毛","駒形",749,
"両毛","前橋大島",781,
"両毛","前橋",819,
"両毛","新前橋",844,
"水郡","水戸",0,
"水郡","常陸青柳",19,
"水郡","常陸津田",41,
"水郡","後台",65,
"水郡","下菅谷",78,
"水郡","中菅谷",90,
"水郡","上菅谷",101,
"水郡","常陸鴻巣",134,
"水郡","瓜連",167,
"水郡","静",181,
"水郡","常陸大宮",234,
"水郡","玉川村",288,
"水郡","野上原",325,
"水郡","山方宿",352,
"水郡","中舟生",379,
"水郡","下小川",407,
"水郡","西金",441,
"水郡","上小川",473,
"水郡","袋田",518,
"水郡","常陸大子",556,
"水郡","下野宮",620,
"水郡","矢祭山",669,
"水郡","東館",710,
"水郡","南石井",738,
"水郡","磐城石井",749,
"水郡","磐城塙",813,
"水郡","近津",864,
"水郡","中豊",888,
"水郡","磐城棚倉",905,
"水郡","磐城浅川",970,
"水郡","里白石",1000,
"水郡","磐城石川",1053,
"水郡","野木沢",1101,
"水郡","川辺沖",1126,
"水郡","泉郷",1153,
"水郡","川東",1222,
"水郡","小塩江",1260,
"水郡","谷田川",1289,
"水郡","磐城守山",1321,
"水郡","安積永盛",1375,
"水郡2","上菅谷",0,
"水郡2","南酒出",25,
"水郡2","額田",36,
"水郡2","河合",67,
"水郡2","谷河原",82,
"水郡2","常陸太田",95,
"水戸","小山",0,
"水戸","小田林",49,
"水戸","結城",66,
"水戸","東結城",83,
"水戸","川島",104,
"水戸","玉戸",125,
"水戸","下館",162,
"水戸","新治",223,
"水戸","大和",259,
"水戸","岩瀬",296,
"水戸","羽黒",328,
"水戸","福原",370,
"水戸","稲田",401,
"水戸","笠間",433,
"水戸","宍戸",485,
"水戸","友部",502,
"烏山","宝積寺",0,
"烏山","下野花岡",39,
"烏山","（烏）仁井田",59,
"烏山","鴻野山",83,
"烏山","大金",127,
"烏山","小塙",153,
"烏山","（烏）滝",175,
"烏山","烏山",204,
"日光","宇都宮",0,
"日光","鶴田",48,
"日光","鹿沼",143,
"日光","文挟",224,
"日光","下野大沢",282,
"日光","今市",339,
"日光","日光",405,
"高崎","大宮",0,
"高崎","宮原",40,
"高崎","上尾",82,
"高崎","北上尾",99,
"高崎","桶川",118,
"高崎","北本",164,
"高崎","鴻巣",200,
"高崎","北鴻巣",243,
"高崎","吹上",273,
"高崎","行田",296,
"高崎","熊谷",344,
"高崎","籠原",410,
"高崎","深谷",458,
"高崎","岡部",501,
"高崎","本庄",557,
"高崎","神保原",597,
"高崎","新町",642,
"高崎","倉賀野",703,
"高崎","高崎",747,
"米坂","米沢",0,
"米坂","南米沢",31,
"米坂","西米沢",65,
"米坂","成島",96,
"米坂","中郡",125,
"米坂","羽前小松",169,
"米坂","犬川",194,
"米坂","今泉",230,
"米坂","萩生",273,
"米坂","羽前椿",301,
"米坂","手ノ子",347,
"米坂","羽前沼沢",439,
"米坂","伊佐領",500,
"米坂","羽前松岡",547,
"米坂","小国",583,
"米坂","越後金丸",678,
"米坂","越後片貝",731,
"米坂","越後下関",797,
"米坂","越後大島",835,
"米坂","坂町",907,
,,,
"東海道","東京",0,
"東海道","有楽町",8,
"東海道","新橋",19,
"東海道","浜松町",31,
"東海道","田町",46,
"東海道","品川",68,
"東海道","大井町",92,
"東海道","大森",114,
"東海道","蒲田",144,
"東海道","川崎",182,
"東海道","鶴見",217,
"東海道","新子安",248,
"東海道","東神奈川",270,
"東海道","横浜",288,
"東海道","保土ヶ谷",318,
"東海道","東戸塚",367,
"東海道","戸塚",409,
"東海道","大船",465,
"東海道","藤沢",511,
"東海道","辻堂",548,
"東海道","茅ヶ崎",586,
"東海道","平塚",638,
"東海道","大磯",678,
"東海道","二宮",731,
"東海道","国府津",777,
"東海道","鴨宮",808,
"東海道","小田原",839,
"東海道","早川",860,
"東海道","根府川",904,
"東海道","真鶴",958,
"東海道","湯河原",991,
"東海道","熱海",1046,
"東海道","函南",1145,
"東海道","三島",1207,
"東海道","沼津",1262,
"東海道","片浜",1303,
"東海道","原",1328,
"東海道","東田子の浦",1374,
"東海道","吉原",1413,
"東海道","富士",1462,
"東海道","富士川",1497,
"東海道","新蒲原",1525,
"東海道","蒲原",1549,
"東海道","由比",1584,
"東海道","興津",1643,
"東海道","清水",1690,
"東海道","草薙",1742,
"東海道","東静岡",1777,
"東海道","静岡",1802,
"東海道","安倍川",1845,
"東海道","用宗",1866,
"東海道","焼津",1937,
"東海道","西焼津",1970,
"東海道","藤枝",2003,
"東海道","六合",2049,
"東海道","（東）島田",2078,
"東海道","金谷",2129,
"東海道","菊川",2222,
"東海道","掛川",2293,
"東海道","愛野",2346,
"東海道","袋井",2381,
"東海道","磐田",2459,
"東海道","豊田町",2488,
"東海道","天竜川",2527,
"東海道","浜松",2571,
"東海道","高塚",2624,
"東海道","舞阪",2675,
"東海道","弁天島",2698,
"東海道","新居町",2729,
"東海道","鷲津",2766,
"東海道","新所原",2824,
"東海道","二川",2867,
"東海道","豊橋",2936,
"東海道","西小坂井",2984,
"東海道","愛知御津",3021,
"東海道","三河大塚",3052,
"東海道","三河三谷",3083,
"東海道","蒲郡",3106,
"東海道","三河塩津",3129,
"東海道","三ヶ根",3155,
"東海道","幸田",3185,
"東海道","岡崎",3259,
"東海道","西岡崎",3301,
"東海道","安城",3337,
"東海道","三河安城",3363,
"東海道","東刈谷",3381,
"東海道","野田新町",3397,
"東海道","刈谷",3416,
"東海道","逢妻",3435,
"東海道","大府",3465,
"東海道","共和",3495,
"東海道","南大高",3518,
"東海道","大高",3536,
"東海道","笠寺",3568,
"東海道","熱田",3608,
"東海道","（中）金山",3627,
"東海道","尾頭橋",3636,
"東海道","名古屋",3660,
"東海道","枇杷島",3700,
"東海道","清洲",3738,
"東海道","稲沢",3771,
"東海道","尾張一宮",3831,
"東海道","木曽川",3886,
"東海道","岐阜",3963,
"東海道","西岐阜",3995,
"東海道","穂積",4023,
"東海道","大垣",4100,
"東海道","垂井",4181,
"東海道","関ヶ原",4238,
"東海道","（東）柏原",4309,
"東海道","近江長岡",4352,
"東海道","醒ヶ井",4398,
"東海道","米原",4459,
"東海道","彦根",4519,
"東海道","南彦根",4552,
"東海道","河瀬",4583,
"東海道","稲枝",4620,
"東海道","能登川",4657,
"東海道","安土",4708,
"東海道","近江八幡",4743,
"東海道","篠原",4783,
"東海道","野洲",4839,
"東海道","守山",4870,
"東海道","栗東",4891,
"東海道","草津",4914,
"東海道","南草津",4939,
"東海道","（東）瀬田",4966,
"東海道","石山",4991,
"東海道","膳所",5019,
"東海道","大津",5036,
"東海道","山科",5081,
"東海道","京都",5136,
"東海道","西大路",5161,
"東海道","（東）桂川",5189,
"東海道","向日町",5200,
"東海道","長岡京",5237,
"東海道","（東）山崎",5277,
"東海道","島本",5299,
"東海道","高槻",5352,
"東海道","摂津富田",5381,
"東海道","茨木",5418,
"東海道","千里丘",5447,
"東海道","岸辺",5464,
"東海道","吹田",5488,
"東海道","東淀川",5519,
"東海道","新大阪",5526,
"東海道","大阪",5564,
"東海道","塚本",5598,
"東海道","尼崎",5641,
"東海道","立花",5671,
"東海道","甲子園口",5693,
"東海道","西宮",5718,
"東海道","さくら夙川",5733,
"東海道","芦屋",5756,
"東海道","甲南山手",5770,
"東海道","摂津本山",5785,
"東海道","（東）住吉",5801,
"東海道","六甲道",5823,
"東海道","灘",5846,
"東海道","三ノ宮",5870,
"東海道","元町",5878,
"東海道","神戸",5895,
"東海道2","大垣",0,
"東海道2","（東）荒尾",34,
"東海道2","美濃赤坂",50,
"東海道3","品川",0,
"東海道3","西大井",36,
"東海道3","武蔵小杉",100,
"東海道3","新川崎",127,
"東海道3","鶴見",178,
"総武","東京",0,
"総武","新日本橋",12,
"総武","馬喰町",23,
"総武","錦糸町",48,
"総武","亀戸",63,
"総武","平井",82,
"総武","新小岩",100,
"総武","小岩",128,
"総武","市川",154,
"総武","本八幡",174,
"総武","下総中山",190,
"総武","西船橋",206,
"総武","船橋",232,
"総武","東船橋",250,
"総武","津田沼",267,
"総武","幕張本郷",296,
"総武","幕張",316,
"総武","新検見川",332,
"総武","稲毛",359,
"総武","西千葉",378,
"総武","千葉",392,
"総武","東千葉",401,
"総武","都賀",434,
"総武","四街道",469,
"総武","物井",511,
"総武","佐倉",553,
"総武","南酒々井",593,
"総武","榎戸",622,
"総武","八街",659,
"総武","日向",717,
"総武","成東",769,
"総武","松尾",825,
"総武","横芝",868,
"総武","飯倉",906,
"総武","八日市場",937,
"総武","干潟",988,
"総武","（総）旭",1036,
"総武","飯岡",1063,
"総武","倉橋",1092,
"総武","猿田",1118,
"総武","松岸",1173,
"総武","銚子",1205,
"総武2","錦糸町",0,
"総武2","両国",15,
"総武2","浅草橋",23,
"総武2","秋葉原",34,
"総武2","御茶ノ水",43,
"成田","佐倉",0,
"成田","酒々井",64,
"成田","成田",131,
"成田","久住",200,
"成田","滑河",255,
"成田","下総神崎",316,
"成田","大戸",361,
"成田","佐原",400,
"成田","香取",436,
"成田","水郷",475,
"成田","小見川",527,
"成田","笹川",577,
"成田","下総橘",629,
"成田","下総豊里",662,
"成田","椎柴",710,
"成田","松岸",754,
"成田2","成田",0,
"成田2","下総松崎",51,
"成田2","安食",97,
"成田2","（成）小林",146,
"成田2","木下",189,
"成田2","布佐",208,
"成田2","新木",240,
"成田2","湖北",266,
"成田2","東我孫子",295,
"成田2","我孫子",329,
"成田3","成田",0,
"成田3","空港第2ビル",98,
"成田3","成田空港",108,
"鹿島","香取",0,
"鹿島","十二橋",30,
"鹿島","潮来",52,
"鹿島","延方",104,
"鹿島","鹿島神宮",142,
"鹿島","鹿島サッカースタジアム",174,
"京葉","東京",0,
"京葉","八丁堀",12,
"京葉","越中島",28,
"京葉","潮見",54,
"京葉","新木場",74,
"京葉","葛西臨海公園",106,
"京葉","舞浜",127,
"京葉","新浦安",161,
"京葉","市川塩浜",182,
"京葉","二俣新町",226,
"京葉","南船橋",260,
"京葉","新習志野",283,
"京葉","海浜幕張",317,
"京葉","検見川浜",337,
"京葉","稲毛海岸",353,
"京葉","千葉みなと",390,
"京葉","蘇我",430,
"京葉2","市川塩浜",0,
"京葉2","西船橋",59,
"京葉2","南船橋",113,
"内房","蘇我",0,
"内房","浜野",34,
"内房","八幡宿",56,
"内房","五井",93,
"内房","姉ヶ崎",151,
"内房","長浦",205,
"内房","袖ヶ浦",244,
"内房","巌根",275,
"内房","木更津",313,
"内房","君津",383,
"内房","青堀",420,
"内房","大貫",466,
"内房","佐貫町",507,
"内房","上総湊",551,
"内房","竹岡",602,
"内房","浜金谷",640,
"内房","保田",675,
"内房","安房勝山",708,
"内房","岩井",737,
"内房","（房）富浦",798,
"内房","那古船形",821,
"内房","館山",859,
"内房","九重",917,
"内房","千倉",966,
"内房","（房）千歳",986,
"内房","南三原",1022,
"内房","和田浦",1068,
"内房","江見",1114,
"内房","太海",1160,
"内房","安房鴨川",1194,
"外房","千葉",0,
"外房","本千葉",14,
"外房","蘇我",38,
"外房","鎌取",88,
"外房","誉田",126,
"外房","土気",181,
"外房","大網",229,
"外房","永田",253,
"外房","本納",277,
"外房","新茂原",314,
"外房","茂原",343,
"外房","八積",389,
"外房","上総一ノ宮",430,
"外房","東浪見",462,
"外房","太東",493,
"外房","長者町",521,
"外房","三門",537,
"外房","大原",572,
"外房","浪花",605,
"外房","御宿",654,
"外房","勝浦",709,
"外房","鵜原",745,
"外房","上総興津",772,
"外房","行川アイランド",805,
"外房","安房小湊",843,
"外房","安房天津",877,
"外房","安房鴨川",933,
"東金","大網",0,
"東金","福俵",33,
"東金","東金",58,
"東金","求名",96,
"東金","成東",138,
"久留里","木更津",0,
"久留里","祗園",26,
"久留里","上総清川",42,
"久留里","東清川",61,
"久留里","横田",93,
"久留里","東横田",108,
"久留里","馬来田",139,
"久留里","下郡",152,
"久留里","小櫃",182,
"久留里","俵田",200,
"久留里","久留里",226,
"久留里","平山",257,
"久留里","上総松丘",283,
"久留里","上総亀山",322,
"武蔵野","府中本町",0,
"武蔵野","北府中",17,
"武蔵野","西国分寺",39,
"武蔵野","新小平",74,
"武蔵野","新秋津",130,
"武蔵野","東所沢",157,
"武蔵野","新座",197,
"武蔵野","北朝霞",228,
"武蔵野","西浦和",278,
"武蔵野","武蔵浦和",298,
"武蔵野","南浦和",317,
"武蔵野","東浦和",354,
"武蔵野","東川口",392,
"武蔵野","南越谷",435,
"武蔵野","越谷レイクタウン",463,
"武蔵野","吉川",482,
"武蔵野","新三郷",513,
"武蔵野","（武蔵）三郷",534,
"武蔵野","南流山",554,
"武蔵野","新松戸",575,
"武蔵野","新八柱",616,
"武蔵野","東松戸",640,
"武蔵野","市川大野",659,
"武蔵野","船橋法典",689,
"武蔵野","西船橋",718,
"埼京","池袋",0,
"埼京","板橋",18,
"埼京","十条",35,
"埼京","赤羽",55,
"埼京","北赤羽",70,
"埼京","浮間舟渡",86,
"埼京","戸田公園",110,
"埼京","（北）戸田",123,
"埼京","北戸田",137,
"埼京","武蔵浦和",161,
"埼京","中浦和",173,
"埼京","南与野",190,
"埼京","与野本町",206,
"埼京","北与野",217,
"埼京","大宮",235,
"山手1","品川",0,
"山手1","大崎",20,
"山手1","五反田",29,
"山手1","目黒",41,
"山手1","恵比寿",56,
"山手1","渋谷",72,
"山手1","原宿",84,
"山手1","代々木",99,
"山手2","新宿",106,
"山手2","新大久保",119,
"山手2","高田馬場",133,
"山手2","目白",142,
"山手2","池袋",154,
"山手2","大塚",172,
"山手2","巣鴨",183,
"山手2","駒込",190,
"山手2","田端",206,
"中央東","東京",0,
"中央東","神田",13,
"中央東","御茶ノ水",26,
"中央東","水道橋",34,
"中央東","飯田橋",43,
"中央東","市ヶ谷",58,
"中央東","四ツ谷",66,
"中央東","信濃町",79,
"中央東","千駄ヶ谷",86,
"中央東","代々木",96,
"中央東","新宿",103,
"中央東","（中）大久保",117,
"中央東","東中野",128,
"中央東","中野",147,
"中央東","高円寺",161,
"中央東","阿佐ヶ谷",173,
"中央東","荻窪",187,
"中央東","西荻窪",206,
"中央東","吉祥寺",225,
"中央東","三鷹",241,
"中央東","武蔵境",257,
"中央東","東小金井",274,
"中央東","武蔵小金井",291,
"中央東","国分寺",314,
"中央東","西国分寺",328,
"中央東","国立",345,
"中央東","立川",375,
"中央東","日野",408,
"中央東","豊田",431,
"中央東","八王子",474,
"中央東","西八王子",498,
"中央東","高尾",531,
"中央東","相模湖",626,
"中央東","藤野",663,
"中央東","上野原",698,
"中央東","四方津",740,
"中央東","梁川",776,
"中央東","鳥沢",812,
"中央東","猿橋",853,
"中央東","大月",878,
"中央東","初狩",939,
"中央東","笹子",1004,
"中央東","甲斐大和",1065,
"中央東","勝沼ぶどう郷",1125,
"中央東","塩山",1169,
"中央東","東山梨",1201,
"中央東","山梨市",1222,
"中央東","春日居町",1250,
"中央東","石和温泉",1278,
"中央東","酒折",1312,
"中央東","甲府",1341,
"中央東","竜王",1386,
"中央東","塩崎",1427,
"中央東","韮崎",1470,
"中央東","新府",1512,
"中央東","穴山",1547,
"中央東","日野春",1601,
"中央東","長坂",1663,
"中央東","小淵沢",1737,
"中央東","信濃境",1782,
"中央東","富士見",1829,
"中央東","すずらんの里",1861,
"中央東","青柳",1880,
"中央東","茅野",1952,
"中央東","上諏訪",2019,
"中央東","下諏訪",2063,
"中央東","岡谷",2104,
"中央東","みどり湖",2182,
"中央東","塩尻",2221,
"南武","川崎",0,
"南武","尻手",17,
"南武","矢向",26,
"南武","鹿島田",41,
"南武","平間",53,
"南武","向河原",66,
"南武","武蔵小杉",75,
"南武","武蔵中原",92,
"南武","武蔵新城",105,
"南武","武蔵溝ノ口",127,
"南武","津田山",139,
"南武","久地",149,
"南武","宿河原",162,
"南武","登戸",173,
"南武","中野島",195,
"南武","稲田堤",208,
"南武","矢野口",224,
"南武","稲城長沼",241,
"南武","南多摩",255,
"南武","府中本町",279,
"南武","分倍河原",288,
"南武","西府",300,
"南武","谷保",316,
"南武","矢川",330,
"南武","西国立",343,
"南武","立川",355,
"南武2","尻手",0,
"南武2","八丁畷",11,
"南武2","川崎新町",20,
"南武2","浜川崎",41,
"川越","大宮",0,
"川越","（川）日進",37,
"川越","西大宮",63,
"川越","指扇",77,
"川越","南古谷",124,
"川越","川越",161,
"川越","西川越",187,
"川越","的場",209,
"川越","笠幡",238,
"川越","武蔵高萩",270,
"川越","高麗川",306,
"八高","八王子",0,
"八高","北八王子",31,
"八高","小宮",51,
"八高","拝島",99,
"八高","東福生",127,
"八高","箱根ヶ崎",157,
"八高","金子",205,
"八高","東飯能",256,
"八高","高麗川",311,
"八高","毛呂",369,
"八高","越生",396,
"八高","明覚",448,
"八高","小川町",528,
"八高","竹沢",563,
"八高","折原",603,
"八高","寄居",639,
"八高","用土",684,
"八高","松久",711,
"八高","児玉",759,
"八高","丹荘",800,
"八高","群馬藤岡",847,
"八高","北藤岡",884,
"八高","倉賀野",920,
"青梅","立川",0,
"青梅","西立川",19,
"青梅","東中神",27,
"青梅","中神",36,
"青梅","昭島",50,
"青梅","拝島",69,
"青梅","牛浜",86,
"青梅","福生",96,
"青梅","羽村",117,
"青梅","小作",141,
"青梅","河辺",159,
"青梅","東青梅",172,
"青梅","青梅",185,
"青梅","宮ノ平",206,
"青梅","日向和田",214,
"青梅","石神前",224,
"青梅","二俣尾",236,
"青梅","軍畑",245,
"青梅","沢井",259,
"青梅","御嶽",272,
"青梅","川井",300,
"青梅","古里",316,
"青梅","鳩ノ巣",338,
"青梅","白丸",352,
"青梅","奥多摩",372,
"五日市","拝島",0,
"五日市","熊川",11,
"五日市","東秋留",35,
"五日市","秋川",57,
"五日市","武蔵引田",72,
"五日市","武蔵増戸",85,
"五日市","武蔵五日市",111,
,,,
"鶴見","鶴見",0,
"鶴見","国道",9,
"鶴見","鶴見小野",15,
"鶴見","弁天橋",24,
"鶴見","浅野",30,
"鶴見","安善",35,
"鶴見","武蔵白石",41,
"鶴見","浜川崎",57,
"鶴見","昭和",64,
"鶴見","扇町",70,
"鶴見2","浅野",0,
"鶴見2","新芝浦",9,
"鶴見2","海芝浦",17,
"鶴見3","安善",0,
"鶴見3","大川",16,
"横浜","東神奈川",0,
"横浜","大口",22,
"横浜","菊名",48,
"横浜","新横浜",61,
"横浜","小机",78,
"横浜","鴨居",109,
"横浜","中山",135,
"横浜","十日市場",159,
"横浜","長津田",179,
"横浜","成瀬",202,
"横浜","町田",229,
"横浜","古淵",257,
"横浜","淵野辺",284,
"横浜","矢部",292,
"横浜","相模原",310,
"横浜","（横）橋本",338,
"横浜","相原",357,
"横浜","八王子みなみ野",386,
"横浜","片倉",400,
"横浜","八王子",426,
"横須賀","大船",0,
"横須賀","北鎌倉",23,
"横須賀","鎌倉",45,
"横須賀","逗子",84,
"横須賀","東逗子",104,
"横須賀","田浦",138,
"横須賀","横須賀",159,
"横須賀","衣笠",193,
"横須賀","久里浜",239,
"根岸","横浜",0,
"根岸","桜木町",20,
"根岸","関内",30,
"根岸","石川町",38,
"根岸","山手",50,
"根岸","（岸）根岸",71,
"根岸","磯子",95,
"根岸","新杉田",111,
"根岸","洋光台",141,
"根岸","港南台",160,
"根岸","本郷台",185,
"根岸","大船",221,
"相模","茅ヶ崎",0,
"相模","北茅ヶ崎",13,
"相模","香川",34,
"相模","寒川",51,
"相模","宮山",72,
"相模","倉見",86,
"相模","門沢橋",100,
"相模","社家",116,
"相模","厚木",142,
"相模","海老名",159,
"相模","入谷",189,
"相模","相武台下",206,
"相模","下溝",235,
"相模","原当麻",248,
"相模","番田",269,
"相模","上溝",284,
"相模","南橋本",313,
"相模","（横）橋本",333,
"山陽","神戸",0,
"山陽","兵庫",18,
"山陽","新長田",41,
"山陽","鷹取",51,
"山陽","須磨海浜公園",60,
"山陽","須磨",73,
"山陽","塩屋",102,
"山陽","垂水",131,
"山陽","舞子",151,
"山陽","朝霧",170,
"山陽","明石",194,
"山陽","西明石",228,
"山陽","（陽）大久保",256,
"山陽","魚住",291,
"山陽","土山",322,
"山陽","東加古川",355,
"山陽","加古川",391,
"山陽","宝殿",424,
"山陽","曽根",464,
"山陽","ひめじ別所",484,
"山陽","御着",505,
"山陽","姫路",548,
"山陽","英賀保",594,
"山陽","はりま勝原",622,
"山陽","網干",651,
"山陽","竜野",710,
"山陽","相生",755,
"山陽","有年",831,
"山陽","上郡",896,
"山陽","三石",1024,
"山陽","吉永",1095,
"山陽","和気",1148,
"山陽","熊山",1194,
"山陽","万富",1235,
"山陽","瀬戸",1280,
"山陽","（陽）上道",1327,
"山陽","東岡山",1361,
"山陽","高島",1389,
"山陽","西川原",1408,
"山陽","岡山",1434,
"山陽","北長瀬",1468,
"山陽","庭瀬",1499,
"山陽","中庄",1546,
"山陽","倉敷",1593,
"山陽","西阿知",1633,
"山陽","新倉敷",1686,
"山陽","金光",1749,
"山陽","鴨方",1784,
"山陽","里庄",1824,
"山陽","笠岡",1871,
"山陽","大門",1942,
"山陽","東福山",1975,
"山陽","福山",2017,
"山陽","備後赤坂",2075,
"山陽","松永",2124,
"山陽","東尾道",2153,
"山陽","尾道",2218,
"山陽","糸崎",2309,
"山陽","三原",2333,
"山陽","本郷",2428,
"山陽","河内",2551,
"山陽","（陽）入野",2595,
"山陽","白市",2639,
"山陽","西高屋",2683,
"山陽","（陽）西条",2729,
"山陽","八本松",2789,
"山陽","瀬野",2895,
"山陽","中野東",2924,
"山陽","安芸中野",2944,
"山陽","海田市",2983,
"山陽","向洋",3006,
"山陽","天神川",3024,
"山陽","広島",3047,
"山陽","（陽）横川",3077,
"山陽","西広島",3102,
"山陽","新井口",3144,
"山陽","五日市",3168,
"山陽","廿日市",3202,
"山陽","宮内串戸",3218,
"山陽","阿品",3248,
"山陽","宮島口",3265,
"山陽","前空",3283,
"山陽","大野浦",3314,
"山陽","玖波",3364,
"山陽","大竹",3408,
"山陽","和木",3423,
"山陽","岩国",3461,
"山陽","南岩国",3507,
"山陽","藤生",3534,
"山陽","通津",3586,
"山陽","由宇",3616,
"山陽","（陽）神代",3668,
"山陽","大畠",3719,
"山陽","柳井港",3764,
"山陽","柳井",3792,
"山陽","田布施",3854,
"山陽","岩田",3909,
"山陽","（陽）島田",3959,
"山陽","光",4007,
"山陽","（陽）下松",4069,
"山陽","櫛ケ浜",4115,
"山陽","徳山",4149,
"山陽","新南陽",4190,
"山陽","福川",4219,
"山陽","（陽）戸田",4257,
"山陽","富海",4342,
"山陽","防府",4414,
"山陽","大道",4492,
"山陽","四辻",4540,
"山陽","新山口",4592,
"山陽","嘉川",4632,
"山陽","本由良",4677,
"山陽","厚東",4780,
"山陽","宇部",4845,
"山陽","小野田",4880,
"山陽","厚狭",4943,
"山陽","埴生",5026,
"山陽","小月",5088,
"山陽","長府",5150,
"山陽","新下関",5209,
"山陽","幡生",5246,
"山陽","下関",5281,"九州"
"山陽","門司",5344,"九州"
"山陽2","兵庫",0,
"山陽2","和田岬",27,
"伊東","熱海",0,
"伊東","来宮",12,
"伊東","伊豆多賀",60,
"伊東","網代",87,
"伊東","宇佐美",130,
"伊東","伊東",169,
"御殿場","国府津",0,
"御殿場","下曽我",38,
"御殿場","上大井",65,
"御殿場","相模金子",83,
"御殿場","松田",102,
"御殿場","東山北",131,
"御殿場","山北",159,
"御殿場","谷峨",200,
"御殿場","駿河小山",246,
"御殿場","足柄",289,
"御殿場","御殿場",355,
"御殿場","南御殿場",382,
"御殿場","富士岡",406,
"御殿場","岩波",453,
"御殿場","裾野",507,
"御殿場","長泉なめり",535,
"御殿場","下土狩",556,
"御殿場","大岡",578,
"御殿場","沼津",602,
"身延","富士",0,
"身延","柚木",15,
"身延","竪堀",28,
"身延","入山瀬",56,
"身延","富士根",80,
"身延","源道寺",93,
"身延","富士宮",107,
"身延","西富士宮",119,
"身延","沼久保",169,
"身延","芝川",192,
"身延","稲子",240,
"身延","十島",263,
"身延","井出",294,
"身延","寄畑",319,
"身延","内船",341,
"身延","甲斐大島",398,
"身延","身延",435,
"身延","塩之沢",457,
"身延","波高島",502,
"身延","下部温泉",517,
"身延","甲斐常葉",541,
"身延","市ノ瀬",561,
"身延","久那土",588,
"身延","甲斐岩間",603,
"身延","落居",618,
"身延","鰍沢口",668,
"身延","市川大門",698,
"身延","市川本町",707,
"身延","芦川",717,
"身延","甲斐上野",728,
"身延","東花輪",763,
"身延","小井川",775,
"身延","常永",789,
"身延","国母",812,
"身延","甲斐住吉",831,
"身延","南甲府",840,
"身延","善光寺",863,
"身延","金手",872,
"身延","甲府",884,
"飯田","豊橋",0,
"飯田","船町",15,
"飯田","下地",22,
"飯田","小坂井",44,
"飯田","牛久保",66,
"飯田","豊川",87,
"飯田","三河一宮",120,
"飯田","長山",144,
"飯田","江島",154,
"飯田","東上",170,
"飯田","野田城",197,
"飯田","新城",216,
"飯田","東新町",226,
"飯田","茶臼山",238,
"飯田","三河東郷",250,
"飯田","大海",279,
"飯田","鳥居",293,
"飯田","長篠城",308,
"飯田","本長篠",321,
"飯田","三河大野",356,
"飯田","湯谷温泉",380,
"飯田","三河槇原",406,
"飯田","柿平",429,
"飯田","三河川合",452,
"飯田","池場",501,
"飯田","東栄",512,
"飯田","出馬",554,
"飯田","上市場",560,
"飯田","浦川",573,
"飯田","早瀬",585,
"飯田","下川合",599,
"飯田","中部天竜",624,
"飯田","佐久間",635,
"飯田","相月",685,
"飯田","城西",705,
"飯田","向市場",733,
"飯田","水窪",743,
"飯田","大嵐",808,
"飯田","小和田",838,
"飯田","中井侍",878,
"飯田","伊那小沢",901,
"飯田","鶯巣",917,
"飯田","平岡",938,
"飯田","為栗",985,
"飯田","温田",1022,
"飯田","田本",1042,
"飯田","門島",1079,
"飯田","唐笠",1113,
"飯田","金野",1136,
"飯田","千代",1148,
"飯田","天竜峡",1162,
"飯田","川路",1175,
"飯田","時又",1193,
"飯田","駄科",1211,
"飯田","毛賀",1225,
"飯田","伊那八幡",1236,
"飯田","下山村",1247,
"飯田","鼎",1257,
"飯田","切石",1277,
"飯田","飯田",1293,
"飯田","桜町",1301,
"飯田","伊那上郷",1311,
"飯田","元善光寺",1338,
"飯田","下市田",1356,
"飯田","市田",1368,
"飯田","下平",1395,
"飯田","山吹",1405,
"飯田","伊那大島",1431,
"飯田","上片桐",1469,
"飯田","伊那田島",1482,
"飯田","高遠原",1507,
"飯田","七久保",1523,
"飯田","伊那本郷",1551,
"飯田","飯島",1579,
"飯田","田切",1601,
"飯田","伊那福岡",1629,
"飯田","小町屋",1644,
"飯田","駒ヶ根",1656,
"飯田","大田切",1670,
"飯田","宮田",1691,
"飯田","赤木",1704,
"飯田","沢渡",1734,
"飯田","下島",1745,
"飯田","伊那市",1780,
"飯田","伊那北",1789,
"飯田","田畑",1810,
"飯田","北殿",1832,
"飯田","木ノ下",1856,
"飯田","伊那松島",1871,
"飯田","沢",1897,
"飯田","羽場",1916,
"飯田","伊那新町",1934,
"飯田","宮木",1946,
"飯田","辰野",1957,
"中央2","岡谷",0,
"中央2","川岸",35,
"中央2","辰野",95,
"中央2","信濃川島",138,
"中央2","（中）小野",178,
"中央2","塩尻",277,
"篠ノ井","塩尻",0,
"篠ノ井","広丘",38,
"篠ノ井","村井",68,
"篠ノ井","平田",88,
"篠ノ井","南松本",109,
"篠ノ井","松本",133,
"篠ノ井","田沢",216,
"篠ノ井","明科",282,
"篠ノ井","（篠）西条",372,
"篠ノ井","坂北",409,
"篠ノ井","聖高原",450,
"篠ノ井","冠着",483,
"篠ノ井","姨捨",542,
"篠ノ井","稲荷山",629,
"篠ノ井","篠ノ井",667,
"小海","小淵沢",0,
"小海","甲斐小泉",71,
"小海","甲斐大泉",122,
"小海","清里",175,
"小海","野辺山",234,
"小海","信濃川上",315,
"小海","佐久広瀬",349,
"小海","佐久海ノ口",394,
"小海","海尻",421,
"小海","松原湖",448,
"小海","小海",483,
"小海","馬流",499,
"小海","高岩",517,
"小海","八千穂",539,
"小海","海瀬",565,
"小海","羽黒下",578,
"小海","青沼",595,
"小海","臼田",609,
"小海","龍岡城",621,
"小海","太田部",641,
"小海","中込",655,
"小海","滑津",665,
"小海","北中込",684,
"小海","岩村田",706,
"小海","佐久平",715,
"小海","中佐都",724,
"小海","美里",738,
"小海","三岡",753,
"小海","乙女",764,
"小海","東小諸",774,
"小海","小諸",789,
"大糸","松本",0,
"大糸","北松本",7,
"大糸","島内",26,
"大糸","島高松",38,
"大糸","梓橋",52,
"大糸","一日市場",68,
"大糸","中萱",84,
"大糸","南豊科",104,
"大糸","豊科",114,
"大糸","柏矢町",142,
"大糸","穂高",162,
"大糸","有明",184,
"大糸","安曇追分",199,
"大糸","細野",228,
"大糸","北細野",238,
"大糸","信濃松川",260,
"大糸","安曇沓掛",286,
"大糸","信濃常盤",309,
"大糸","南大町",340,
"大糸","信濃大町",351,
"大糸","北大町",372,
"大糸","信濃木崎",394,
"大糸","稲尾",416,
"大糸","海ノ口",429,
"大糸","簗場",463,
"大糸","ヤナバスキー場前",479,
"大糸","南神城",528,
"大糸","神城",552,
"大糸","飯森",567,
"大糸","白馬",597,
"大糸","信濃森上",616,
"大糸","白馬大池",654,
"大糸","千国",687,
"大糸","南小谷",701,
"大糸","中土",741,
"大糸","北小谷",785,
"大糸","平岩",850,
"大糸","小滝",918,
"大糸","根知",954,
"大糸","頸城大野",1003,
"大糸","（糸）姫川",1022,
"大糸","糸魚川",1054,
"中央西","塩尻",0,
"中央西","洗馬",42,
"中央西","日出塩",89,
"中央西","贄川",141,
"中央西","木曽平沢",193,
"中央西","奈良井",211,
"中央西","藪原",277,
"中央西","宮ノ越",334,
"中央西","原野",362,
"中央西","木曽福島",417,
"中央西","上松",490,
"中央西","倉本",556,
"中央西","須原",604,
"中央西","大桑",637,
"中央西","野尻",667,
"中央西","十二兼",704,
"中央西","南木曽",759,
"中央西","田立",822,
"中央西","坂下",850,
"中央西","落合川",911,
"中央西","中津川",949,
"中央西","美乃坂本",1013,
"中央西","恵那",1065,
"中央西","武並",1119,
"中央西","釜戸",1173,
"中央西","瑞浪",1247,
"中央西","土岐市",1316,
"中央西","多治見",1386,
"中央西","古虎渓",1432,
"中央西","定光寺",1467,
"中央西","高蔵寺",1508,
"中央西","神領",1540,
"中央西","春日井",1567,
"中央西","勝川",1598,
"中央西","新守山",1625,
"中央西","大曽根",1650,
"中央西","千種",1677,
"中央西","鶴舞",1692,
"中央西","（中）金山",1715,
"高山","岐阜",0,
"高山","長森",42,
"高山","那加",72,
"高山","蘇原",104,
"高山","各務ヶ原",132,
"高山","鵜沼",173,
"高山","坂祝",225,
"高山","美濃太田",273,
"高山","古井",303,
"高山","中川辺",341,
"高山","下麻生",379,
"高山","上麻生",432,
"高山","白川口",531,
"高山","下油井",617,
"高山","飛騨金山",667,
"高山","焼石",757,
"高山","下呂",883,
"高山","禅昌寺",935,
"高山","飛騨萩原",967,
"高山","上呂",1008,
"高山","飛騨宮田",1054,
"高山","飛騨小坂",1088,
"高山","渚",1159,
"高山","久々野",1232,
"高山","飛騨一ノ宮",1295,
"高山","高山",1364,
"高山","上枝",1410,
"高山","飛騨国府",1476,
"高山","飛騨古川",1513,
"高山","杉崎",1536,
"高山","飛騨細江",1560,
"高山","角川",1617,
"高山","坂上",1666,
"高山","打保",1765,
"高山","杉原",1805,
"高山","猪谷",1892,
"高山","楡原",1962,
"高山","笹津",2005,
"高山","東八尾",2050,
"高山","越中八尾",2087,
"高山","千里",2136,
"高山","速星",2179,
"高山","婦中鵜坂",2196,
"高山","西富山",2222,
"高山","富山",2258,
"太多","多治見",0,
"太多","小泉",32,
"太多","根本",48,
"太多","姫",79,
"太多","下切",94,
"太多","可児",128,
"太多","美濃川合",154,
"太多","美濃太田",178,
"武豊","大府",0,
"武豊","尾張森岡",17,
"武豊","緒川",31,
"武豊","石浜",46,
"武豊","東浦",68,
"武豊","亀崎",102,
"武豊","乙川",128,
"武豊","半田",146,
"武豊","東成岩",163,
"武豊","武豊",193,
"関西","名古屋",0,
"関西","八田",38,
"関西","春田",75,
"関西","蟹江",93,
"関西","永和",122,
"関西","弥富",164,
"関西","長島",196,
"関西","桑名",238,
"関西","朝日",285,
"関西","（関）富田",317,
"関西","富田浜",330,
"関西","四日市",372,
"関西","南四日市",404,
"関西","河原田",441,
"関西","河曲",475,
"関西","加佐登",509,
"関西","井田川",553,
"関西","亀山",599,
"関西","関",656,
"関西","加太",710,
"関西","柘植",799,
"関西","新堂",861,
"関西","佐那具",905,
"関西","伊賀上野",945,
"関西","島ヶ原",1018,
"関西","月ヶ瀬口",1048,
"関西","（関）大河原",1088,
"関西","笠置",1142,
"関西","（関）加茂",1209,
"関西","木津",1269,
"関西","平城山",1301,
"関西","奈良",1339,
"関西","（関）郡山",1387,
"関西","大和小泉",1425,
"関西","法隆寺",1457,
"関西","王寺",1493,
"関西","（関）三郷",1511,
"関西","河内堅上",1540,
"関西","高井田",1564,
"関西","（関）柏原",1588,
"関西","志紀",1605,
"関西","八尾",1631,
"関西","久宝寺",1643,
"関西","加美",1660,
"関西","平野",1675,
"関西","東部市場前",1690,
"関西","天王寺",1714,
"関西","新今宮",1724,
"関西","今宮",1736,
"関西","JR難波",1749,
"紀勢","亀山",0,
"紀勢","下庄",55,
"紀勢","一身田",121,
"紀勢","津",155,
"紀勢","阿漕",193,
"紀勢","高茶屋",234,
"紀勢","六軒",291,
"紀勢","松阪",346,
"紀勢","徳和",376,
"紀勢","多気",425,
"紀勢","相可",464,
"紀勢","佐奈",496,
"紀勢","栃原",551,
"紀勢","川添",608,
"紀勢","三瀬谷",679,
"紀勢","滝原",730,
"紀勢","阿曽",771,
"紀勢","伊勢柏崎",822,
"紀勢","大内山",869,
"紀勢","梅ヶ谷",895,
"紀勢","紀伊長島",984,
"紀勢","三野瀬",1059,
"紀勢","船津",1122,
"紀勢","相賀",1166,
"紀勢","尾鷲",1233,
"紀勢","大曽根浦",1274,
"紀勢","九鬼",1344,
"紀勢","三木里",1385,
"紀勢","賀田",1426,
"紀勢","二木島",1468,
"紀勢","新鹿",1508,
"紀勢","波田須",1532,
"紀勢","大泊",1552,
"紀勢","熊野市",1576,
"紀勢","有井",1596,
"紀勢","神志山",1641,
"紀勢","紀伊市木",1656,
"紀勢","阿田和",1684,
"紀勢","紀伊井田",1738,
"紀勢","鵜殿",1766,
"紀勢","新宮",1802,
"紀勢","三輪崎",1849,
"紀勢","紀伊佐野",1866,
"紀勢","宇久井",1887,
"紀勢","那智",1930,
"紀勢","紀伊天満",1939,
"紀勢","紀伊勝浦",1951,
"紀勢","湯川",1978,
"紀勢","太地",1999,
"紀勢","下里",2011,
"紀勢","紀伊浦神",2050,
"紀勢","紀伊田原",2090,
"紀勢","古座",2150,
"紀勢","紀伊姫",2189,
"紀勢","串本",2218,
"紀勢","紀伊有田",2276,
"紀勢","田並",2294,
"紀勢","田子",2337,
"紀勢","和深",2364,
"紀勢","江住",2420,
"紀勢","見老津",2450,
"紀勢","周参見",2540,
"紀勢","紀伊日置",2612,
"紀勢","椿",2673,
"紀勢","紀伊富田",2725,
"紀勢","白浜",2754,
"紀勢","朝来",2797,
"紀勢","紀伊新庄",2832,
"紀勢","紀伊田辺",2854,
"紀勢","芳養",2895,
"紀勢","南部",2945,
"紀勢","岩代",2996,
"紀勢","切目",3055,
"紀勢","印南",3093,
"紀勢","稲原",3136,
"紀勢","和佐",3204,
"紀勢","道成寺",3247,
"紀勢","御坊",3263,
"紀勢","紀伊内原",3292,
"紀勢","紀伊由良",3345,
"紀勢","広川ビーチ",3419,
"紀勢","湯浅",3439,
"紀勢","藤並",3473,
"紀勢","紀伊宮原",3512,
"紀勢","箕島",3556,
"紀勢","初島",3581,
"紀勢","下津",3611,
"紀勢","加茂郷",3638,
"紀勢","冷水浦",3677,
"紀勢","海南",3705,
"紀勢","黒江",3723,
"紀勢","紀三井寺",3759,
"紀勢","宮前",3788,
"紀勢","和歌山",3809,
"紀勢","紀和",3827,
"紀勢","和歌山市",3842,
"名松","松阪",0,
"名松","上ノ庄",42,
"名松","権現前",70,
"名松","伊勢八太",117,
"名松","一志",130,
"名松","井関",156,
"名松","伊勢大井",185,
"名松","伊勢川口",213,
"名松","関ノ宮",233,
"名松","家城",258,
"名松","伊勢竹原",295,
"名松","伊勢鎌倉",338,
"名松","伊勢八知",366,
"名松","比津",397,
"名松","伊勢奥津",435,
"参宮","多気",0,
"参宮","外城田",33,
"参宮","田丸",70,
"参宮","宮川",110,
"参宮","山田上口",132,
"参宮","伊勢市",150,
"参宮","五十鈴ヶ丘",179,
"参宮","二見浦",214,
"参宮","松下",237,
"参宮","池の浦シーサイド",254,
"参宮","鳥羽",291,
"北陸","米原",0,
"北陸","坂田",24,
"北陸","田村",47,
"北陸","長浜",77,
"北陸","虎姫",128,
"北陸","河毛",156,
"北陸","高月",182,
"北陸","木ノ本",224,
"北陸","余呉",265,
"北陸","近江塩津",314,
"北陸","新疋田",392,
"北陸","敦賀",459,
"北陸","南今庄",625,
"北陸","今庄",651,
"北陸","湯尾",687,
"北陸","南条",722,
"北陸","王子保",767,
"北陸","武生",810,
"北陸","鯖江",862,
"北陸","北鯖江",894,
"北陸","大土呂",941,
"北陸","越前花堂",973,
"北陸","福井",999,
"北陸","森田",1058,
"北陸","春江",1081,
"北陸","丸岡",1118,
"北陸","芦原温泉",1176,
"北陸","細呂木",1214,
"北陸","牛ノ谷",1245,
"北陸","大聖寺",1302,
"北陸","加賀温泉",1343,
"北陸","動橋",1375,
"北陸","粟津",1424,
"北陸","小松",1482,
"北陸","明峰",1510,
"北陸","寺井",1540,
"北陸","小舞子",1570,
"北陸","美川",1588,
"北陸","加賀笠間",1628,
"北陸","松任",1672,
"北陸","野々市",1705,
"北陸","西金沢",1729,
"北陸","金沢",1766,
"北陸","東金沢",1792,
"北陸","森本",1820,
"北陸","津幡",1881,
"北陸","倶利伽羅",1944,
"北陸","石動",2012,
"北陸","福岡",2084,
"北陸","西高岡",2119,
"北陸","高岡",2172,
"北陸","越中大門",2209,
"北陸","小杉",2246,
"北陸","呉羽",2312,
"北陸","富山",2360,
"北陸","東富山",2426,
"北陸","水橋",2475,
"北陸","滑川",2530,
"北陸","東滑川",2565,
"北陸","魚津",2615,
"北陸","黒部",2678,
"北陸","生地",2718,
"北陸","西入善",2760,
"北陸","入善",2799,
"北陸","（陸）泊",2851,
"北陸","越中宮崎",2898,
"北陸","市振",2945,
"北陸","親不知",3031,
"北陸","青海",3084,
"北陸","糸魚川",3150,
"北陸","梶屋敷",3193,
"北陸","浦本",3228,
"北陸","能生",3279,
"北陸","筒石",3354,
"北陸","名立",3396,
"北陸","有間川",3438,
"北陸","谷浜",3472,
"北陸","直江津",3538,
"湖西","山科",0,
"湖西","大津京",54,
"湖西","唐崎",85,
"湖西","比叡山坂本",111,
"湖西","おごと温泉",145,
"湖西","堅田",177,
"湖西","（湖）小野",198,
"湖西","和邇",225,
"湖西","蓬莱",249,
"湖西","志賀",273,
"湖西","（湖）比良",300,
"湖西","近江舞子",322,
"湖西","北小松",345,
"湖西","近江高島",409,
"湖西","安曇川",450,
"湖西","新旭",483,
"湖西","近江今津",532,
"湖西","近江中庄",580,
"湖西","マキノ",612,
"湖西","永原",683,
"湖西","近江塩津",741,
"越美北","越前花堂",0,
"越美北","六条",23,
"越美北","足羽",37,
"越美北","越前東郷",57,
"越美北","一乗谷",83,
"越美北","越前高田",114,
"越美北","市波",126,
"越美北","小和清水",146,
"越美北","美山",175,
"越美北","越前薬師",195,
"越美北","越前大宮",222,
"越美北","計石",244,
"越美北","牛ヶ原",276,
"越美北","北大野",294,
"越美北","越前大野",314,
"越美北","越前田野",343,
"越美北","越前富田",357,
"越美北","下唯野",388,
"越美北","柿ヶ島",398,
"越美北","勝原",423,
"越美北","越前下山",488,
"越美北","九頭竜湖",525,
"七尾","津幡",0,
"七尾","中津幡",18,
"七尾","本津幡",29,
"七尾","能瀬",51,
"七尾","宇野気",88,
"七尾","横山",118,
"七尾","（七）高松",144,
"七尾","免田",178,
"七尾","宝達",209,
"七尾","敷浪",242,
"七尾","南羽咋",267,
"七尾","羽咋",297,
"七尾","千路",338,
"七尾","金丸",375,
"七尾","能登部",411,
"七尾","良川",439,
"七尾","能登二宮",461,
"七尾","徳田",489,
"七尾","七尾",544,
"七尾","和倉温泉",595,
"氷見","高岡",0,
"氷見","越中中川",17,
"氷見","能町",41,
"氷見","伏木",73,
"氷見","越中国分",90,
"氷見","雨晴",109,
"氷見","島尾",135,
"氷見","氷見",165,
"城端","高岡",0,
"城端","二塚",33,
"城端","林",46,
"城端","戸出",73,
"城端","油田",107,
"城端","砺波",133,
"城端","東野尻",155,
"城端","高儀",170,
"城端","福野",194,
"城端","東石黒",220,
"城端","福光",247,
"城端","越中山田",275,
"城端","城端",299,
"草津","柘植",0,
"草津","油日",53,
"草津","甲賀",74,
"草津","寺庄",105,
"草津","甲南",125,
"草津","貴生川",153,
"草津","三雲",205,
"草津","甲西",243,
"草津","石部",276,
"草津","手原",327,
"草津","草津",367,
"奈良","木津",0,
"奈良","上狛",16,
"奈良","棚倉",44,
"奈良","玉水",74,
"奈良","山城多賀",94,
"奈良","山城青谷",107,
"奈良","長池",127,
"奈良","城陽",145,
"奈良","（奈）新田",166,
"奈良","JR小倉",184,
"奈良","宇治",198,
"奈良","黄檗",227,
"奈良","木幡",241,
"奈良","六地蔵",251,
"奈良","桃山",275,
"奈良","JR藤森",297,
"奈良","稲荷",320,
"奈良","東福寺",336,
"奈良","京都",347,
"片町","木津",0,
"片町","西木津",22,
"片町","祝園",51,
"片町","下狛",74,
"片町","JR三山木",94,
"片町","同志社前",105,
"片町","京田辺",124,
"片町","大住",145,
"片町","松井山手",170,
"片町","長尾",186,
"片町","藤阪",202,
"片町","津田",218,
"片町","河内磐船",250,
"片町","星田",271,
"片町","東寝屋川",288,
"片町","忍ヶ丘",301,
"片町","四条畷",320,
"片町","（片）野崎",333,
"片町","住道",355,
"片町","鴻池新田",379,
"片町","徳庵",398,
"片町","放出",416,
"片町","鴫野",432,
"片町","京橋",448,
"JR東西","京橋",0,
"JR東西","大阪城北詰",9,
"JR東西","大阪天満宮",22,
"JR東西","北新地",36,
"JR東西","新福島",48,
"JR東西","海老江",60,
"JR東西","御幣島",86,
"JR東西","加島",103,
"JR東西","尼崎",125,
"おおさか東","放出",0,
"おおさか東","高井田中央",17,
"おおさか東","JR河内永和",33,
"おおさか東","JR俊徳道",39,
"おおさか東","JR長瀬",49,
"おおさか東","新加美",76,
"おおさか東","久宝寺",92,
"大阪環状","天王寺",0,
"大阪環状","寺田町",10,
"大阪環状","桃谷",22,
"大阪環状","鶴橋",30,
"大阪環状","玉造",39,
"大阪環状","森ノ宮",48,
"大阪環状","大阪城公園",57,
"大阪環状","京橋",65,
"大阪環状","桜ノ宮",83,
"大阪環状","天満",91,
"大阪環状","大阪",107,
"大阪環状","（環）福島",117,
"大阪環状","野田",131,
"大阪環状","西九条",143,
"大阪環状","弁天町",159,
"大阪環状","大正",177,
"大阪環状","芦原橋",189,
"大阪環状","今宮",195,
"桜島","西九条",0,
"桜島","安治川口",24,
"桜島","ユニバーサルシティ",32,
"桜島","桜島",41,
"和歌山","王寺",0,
"和歌山","畠田",26,
"和歌山","志都美",45,
"和歌山","香芝",66,
"和歌山","JR五位堂",87,
"和歌山","（和）高田",115,
"和歌山","大和新庄",149,
"和歌山","御所",176,
"和歌山","玉手",194,
"和歌山","掖上",209,
"和歌山","吉野口",249,
"和歌山","北宇智",316,
"和歌山","五条",358,
"和歌山","大和二見",375,
"和歌山","隅田",415,
"和歌山","下兵庫",436,
"和歌山","（和）橋本",455,
"和歌山","紀伊山田",484,
"和歌山","高野口",510,
"和歌山","中飯降",534,
"和歌山","妙寺",550,
"和歌山","（和）大谷",571,
"和歌山","笠田",586,
"和歌山","西笠田",617,
"和歌山","名手",636,
"和歌山","粉河",664,
"和歌山","紀伊長田",676,
"和歌山","打田",702,
"和歌山","下井阪",724,
"和歌山","岩出",746,
"和歌山","船戸",757,
"和歌山","紀伊小倉",780,
"和歌山","布施屋",803,
"和歌山","千旦",818,
"和歌山","田井ノ瀬",833,
"和歌山","和歌山",879,
"桜井","奈良",0,
"桜井","京終",19,
"桜井","帯解",48,
"桜井","櫟本",73,
"桜井","天理",96,
"桜井","長柄",126,
"桜井","柳本",143,
"桜井","巻向",159,
"桜井","三輪",180,
"桜井","桜井",197,
"桜井","香久山",217,
"桜井","畝傍",247,
"桜井","金橋",273,
"桜井","（和）高田",294,
"阪和","天王寺",0,
"阪和","美章園",15,
"阪和","南田辺",30,
"阪和","鶴ヶ丘",39,
"阪和","長居",47,
"阪和","我孫子町",59,
"阪和","杉本町",69,
"阪和","浅香",79,
"阪和","堺市",88,
"阪和","三国ヶ丘",102,
"阪和","百舌鳥",111,
"阪和","上野芝",124,
"阪和","津久野",137,
"阪和","鳳",151,
"阪和","富木",163,
"阪和","北信太",180,
"阪和","信太山",194,
"阪和","和泉府中",209,
"阪和","久米田",239,
"阪和","（阪）下松",251,
"阪和","東岸和田",266,
"阪和","東貝塚",281,
"阪和","和泉橋本",300,
"阪和","東佐野",315,
"阪和","熊取",330,
"阪和","日根野",349,
"阪和","長滝",363,
"阪和","新家",386,
"阪和","和泉砂川",405,
"阪和","和泉鳥取",433,
"阪和","山中渓",452,
"阪和","紀伊",533,
"阪和","六十谷",572,
"阪和","紀伊中ノ島",602,
"阪和","和歌山",613,
"阪和2","鳳",0,
"阪和2","東羽衣",17,
"関西空港","日根野",0,
"関西空港","りんくうタウン",42,
"関西空港","関西空港",111,
,,,
"小浜","敦賀",0,
"小浜","西敦賀",33,
"小浜","粟野",77,
"小浜","東美浜",127,
"小浜","美浜",179,
"小浜","気山",214,
"小浜","三方",247,
"小浜","藤井",273,
"小浜","十村",293,
"小浜","大鳥羽",333,
"小浜","若狭有田",354,
"小浜","上中",388,
"小浜","新平野",433,
"小浜","東小浜",462,
"小浜","小浜",495,
"小浜","勢浜",532,
"小浜","加斗",572,
"小浜","若狭本郷",618,
"小浜","若狭和田",657,
"小浜","若狭高浜",689,
"小浜","三松",714,
"小浜","青郷",735,
"小浜","松尾寺",782,
"小浜","東舞鶴",843,
"舞鶴","綾部",0,
"舞鶴","淵垣",53,
"舞鶴","梅迫",82,
"舞鶴","真倉",155,
"舞鶴","西舞鶴",195,
"舞鶴","東舞鶴",264,
"山陰","京都",0,
"山陰","丹波口",25,
"山陰","二条",42,
"山陰","円町",58,
"山陰","花園",69,
"山陰","太秦",86,
"山陰","嵯峨嵐山",103,
"山陰","保津峡",143,
"山陰","馬堀",181,
"山陰","亀岡",202,
"山陰","並河",234,
"山陰","千代川",252,
"山陰","八木",282,
"山陰","吉富",323,
"山陰","園部",342,
"山陰","（陰）船岡",382,
"山陰","日吉",419,
"山陰","鍼灸大学前",443,
"山陰","胡麻",471,
"山陰","下山",519,
"山陰","和知",586,
"山陰","安栖里",607,
"山陰","立木",655,
"山陰","山家",690,
"山陰","綾部",762,
"山陰","高津",803,
"山陰","石原",828,
"山陰","福知山",885,
"山陰","上川口",952,
"山陰","下夜久野",1024,
"山陰","上夜久野",1098,
"山陰","梁瀬",1156,
"山陰","和田山",1190,
"山陰","養父",1242,
"山陰","八鹿",1312,
"山陰","江原",1387,
"山陰","国府",1424,
"山陰","豊岡",1484,
"山陰","玄武洞",1537,
"山陰","城崎温泉",1580,
"山陰","竹野",1660,
"山陰","佐津",1734,
"山陰","柴山",1757,
"山陰","香住",1800,
"山陰","鎧",1854,
"山陰","餘部",1872,
"山陰","久谷",1918,
"山陰","浜坂",1979,
"山陰","諸寄",1998,
"山陰","居組",2042,
"山陰","東浜",2075,
"山陰","岩美",2119,
"山陰","大岩",2148,
"山陰","福部",2191,
"山陰","鳥取",2303,
"山陰","湖山",2345,
"山陰","鳥取大学前",2358,
"山陰","末恒",2396,
"山陰","宝木",2447,
"山陰","浜村",2476,
"山陰","青谷",2528,
"山陰","（陰）泊",2589,
"山陰","松崎",2646,
"山陰","倉吉",2701,
"山陰","下北条",2752,
"山陰","由良",2801,
"山陰","浦安",2858,
"山陰","八橋",2876,
"山陰","赤碕",2913,
"山陰","中山口",2955,
"山陰","下市",2977,
"山陰","御来屋",3036,
"山陰","名和",3047,
"山陰","大山口",3088,
"山陰","淀江",3127,
"山陰","伯耆大山",3182,
"山陰","東山公園",3212,
"山陰","米子",3230,
"山陰","安来",3318,
"山陰","荒島",3366,
"山陰","揖屋",3422,
"山陰","東松江",3453,
"山陰","松江",3519,
"山陰","乃木",3546,
"山陰","玉造温泉",3585,
"山陰","来待",3645,
"山陰","宍道",3689,
"山陰","荘原",3730,
"山陰","直江",3791,
"山陰","出雲市",3846,
"山陰","西出雲",3894,
"山陰","出雲神西",3914,
"山陰","江南",3935,
"山陰","小田",4001,
"山陰","田儀",4040,
"山陰","波根",4115,
"山陰","久手",4137,
"山陰","大田市",4172,
"山陰","静間",4202,
"山陰","五十猛",4228,
"山陰","仁万",4289,
"山陰","馬路",4319,
"山陰","湯里",4348,
"山陰","温泉津",4379,
"山陰","石見福光",4408,
"山陰","黒松",4436,
"山陰","浅利",4480,
"山陰","江津",4543,
"山陰","都野津",4587,
"山陰","敬川",4605,
"山陰","波子",4633,
"山陰","久代",4656,
"山陰","下府",4697,
"山陰","浜田",4733,
"山陰","西浜田",4787,
"山陰","周布",4828,
"山陰","折居",4876,
"山陰","三保三隅",4926,
"山陰","岡見",4976,
"山陰","鎌手",5027,
"山陰","石見津田",5072,
"山陰","益田",5145,
"山陰","戸田小浜",5243,
"山陰","飯浦",5280,
"山陰","江崎",5338,
"山陰","須佐",5404,
"山陰","宇田郷",5492,
"山陰","木与",5556,
"山陰","奈古",5602,
"山陰","長門大井",5645,
"山陰","越ヶ浜",5691,
"山陰","東萩",5720,
"山陰","萩",5758,
"山陰","玉江",5782,
"山陰","三見",5839,
"山陰","飯井",5881,
"山陰","長門三隅",5945,
"山陰","長門市",5996,
"山陰","黄波戸",6049,
"山陰","長門古市",6090,
"山陰","人丸",6135,
"山陰","伊上",6179,
"山陰","長門粟野",6221,
"山陰","阿川",6274,
"山陰","特牛",6311,
"山陰","滝部",6351,
"山陰","長門二見",6399,
"山陰","宇賀本郷",6435,
"山陰","湯玉",6457,
"山陰","小串",6502,
"山陰","川棚温泉",6529,
"山陰","黒井村",6554,
"山陰","梅ヶ峠",6588,
"山陰","吉見",6627,
"山陰","福江",6655,
"山陰","安岡",6682,
"山陰","梶栗郷台地",6696,
"山陰","綾羅木",6707,
"山陰","幡生",6738,
"山陰2","長門市",0,
"山陰2","仙崎",22,
"福知山","尼崎",0,
"福知山","塚口",25,
"福知山","猪名寺",39,
"福知山","伊丹",58,
"福知山","北伊丹",79,
"福知山","川西池田",110,
"福知山","中山寺",145,
"福知山","宝塚",178,
"福知山","生瀬",197,
"福知山","西宮名塩",219,
"福知山","武田尾",251,
"福知山","道場",301,
"福知山","三田",337,
"福知山","新三田",369,
"福知山","（福）広野",397,
"福知山","相野",440,
"福知山","藍本",482,
"福知山","（福）草野",505,
"福知山","古市",535,
"福知山","南矢代",561,
"福知山","篠山口",584,
"福知山","丹波大山",607,
"福知山","下滝",687,
"福知山","谷川",730,
"福知山","（福）柏原",800,
"福知山","石生",832,
"福知山","（福）黒井",875,
"福知山","市島",940,
"福知山","丹波竹田",982,
"福知山","福知山",1142,
"加古川","加古川",0,
"加古川","日岡",23,
"加古川","神野",48,
"加古川","厄神",74,
"加古川","市場",115,
"加古川","小野町",137,
"加古川","粟生",166,
"加古川","河合西",192,
"加古川","青野ヶ原",213,
"加古川","社町",242,
"加古川","滝野",273,
"加古川","（加）滝",284,
"加古川","西脇市",312,
"加古川","新西脇",323,
"加古川","比延",346,
"加古川","日本へそ公園",361,
"加古川","黒田庄",385,
"加古川","本黒田",420,
"加古川","船町口",438,
"加古川","久下村",463,
"加古川","谷川",485,
"美祢","厚狭",0,
"美祢","湯ノ峠",42,
"美祢","厚保",102,
"美祢","四郎ヶ原",132,
"美祢","南大嶺",169,
"美祢","美祢",194,
"美祢","重安",223,
"美祢","於福",272,
"美祢","渋木",371,
"美祢","長門湯本",410,
"美祢","板持",433,
"美祢","長門市",460,
"山口","新山口",0,
"山口","周防下郷",10,
"山口","上郷",27,
"山口","仁保津",46,
"山口","大歳",73,
"山口","矢原",86,
"山口","湯田温泉",103,
"山口","山口",127,
"山口","上山口",139,
"山口","宮野",155,
"山口","仁保",202,
"山口","篠目",289,
"山口","長門峡",323,
"山口","渡川",355,
"山口","三谷",386,
"山口","名草",414,
"山口","地福",439,
"山口","鍋倉",464,
"山口","徳佐",499,
"山口","船平山",528,
"山口","津和野",629,
"山口","青野山",661,
"山口","日原",728,
"山口","青原",775,
"山口","東青原",806,
"山口","石見横田",847,
"山口","本俣賀",896,
"山口","益田",939,
"可部","（陽）横川",0,
"可部","三滝",11,
"可部","安芸長束",26,
"可部","下祗園",39,
"可部","古市橋",53,
"可部","（可）大町",65,
"可部","緑井",73,
"可部","七軒茶屋",80,
"可部","梅林",96,
"可部","上八木",112,
"可部","中島",126,
"可部","可部",140,
"宇部","新山口",0,
"宇部","上嘉川",28,
"宇部","深溝",59,
"宇部","周防佐山",75,
"宇部","岩倉",88,
"宇部","阿知須",102,
"宇部","岐波",127,
"宇部","丸尾",152,
"宇部","床波",189,
"宇部","常盤",207,
"宇部","草江",225,
"宇部","宇部岬",237,
"宇部","東新川",253,
"宇部","琴芝",260,
"宇部","宇部新川",271,
"宇部","居能",289,
"宇部","岩鼻",303,
"宇部","宇部",332,
"小野田","居能",0,
"小野田","妻崎",25,
"小野田","長門長沢",32,
"小野田","雀田",45,
"小野田","小野田港",65,
"小野田","南小野田",71,
"小野田","南中川",83,
"小野田","目出",97,
"小野田","小野田",116,
"小野田2","雀田",0,
"小野田2","浜河内",13,
"小野田2","長門本山",23,
"呉","三原",0,
"呉","須波",51,
"呉","安芸幸崎",118,
"呉","忠海",172,
"呉","安芸長浜",200,
"呉","大乗",218,
"呉","竹原",253,
"呉","吉名",300,
"呉","安芸津",347,
"呉","風早",379,
"呉","安浦",442,
"呉","安登",487,
"呉","安芸川尻",528,
"呉","仁方",576,
"呉","広",602,
"呉","新広",615,
"呉","安芸阿賀",629,
"呉","呉",670,
"呉","川原石",687,
"呉","吉浦",710,
"呉","かるが浜",722,
"呉","天応",743,
"呉","呉ポートピア",756,
"呉","小屋浦",771,
"呉","水尻",793,
"呉","坂",818,
"呉","矢野",844,
"呉","海田市",870,
"岩徳","岩国",0,
"岩徳","西岩国",37,
"岩徳","川西",56,
"岩徳","柱野",85,
"岩徳","欽明路",152,
"岩徳","玖珂",171,
"岩徳","周防高森",206,
"岩徳","米川",244,
"岩徳","高水",288,
"岩徳","勝間",311,
"岩徳","大河内",333,
"岩徳","周防久保",347,
"岩徳","生野屋",380,
"岩徳","周防花岡",398,
"岩徳","櫛ケ浜",437,
"伯備","倉敷",0,
"伯備","清音",73,
"伯備","総社",107,
"伯備","豪渓",153,
"伯備","日羽",190,
"伯備","美袋",227,
"伯備","備中広瀬",296,
"伯備","備中高梁",340,
"伯備","木野山",388,
"伯備","備中川面",427,
"伯備","方谷",474,
"伯備","井倉",552,
"伯備","石蟹",597,
"伯備","新見",644,
"伯備","布原",683,
"伯備","備中神代",708,
"伯備","足立",770,
"伯備","新郷",828,
"伯備","上石見",867,
"伯備","生山",954,
"伯備","上菅",989,
"伯備","黒坂",1037,
"伯備","根雨",1113,
"伯備","武庫",1160,
"伯備","江尾",1181,
"伯備","伯耆溝口",1273,
"伯備","岸本",1323,
"伯備","伯耆大山",1384,
"播但","姫路",0,
"播但","京口",17,
"播但","野里",43,
"播但","砥堀",60,
"播但","仁豊野",82,
"播但","香呂",112,
"播但","溝口",132,
"播但","福崎",171,
"播但","甘地",206,
"播但","鶴居",245,
"播但","（播）新野",277,
"播但","寺前",296,
"播但","（播）長谷",359,
"播但","（播）生野",436,
"播但","（播）新井",519,
"播但","青倉",556,
"播但","竹田",599,
"播但","和田山",657,
"赤穂","相生",0,
"赤穂","西相生",30,
"赤穂","坂越",78,
"赤穂","播州赤穂",105,
"赤穂","天和",145,
"赤穂","備前福河",164,
"赤穂","寒河",196,
"赤穂","日生",221,
"赤穂","伊里",277,
"赤穂","備前片上",310,
"赤穂","西片上",323,
"赤穂","伊部",345,
"赤穂","香登",385,
"赤穂","長船",423,
"赤穂","邑久",459,
"赤穂","大富",480,
"赤穂","西大寺",512,
"赤穂","大多羅",541,
"赤穂","東岡山",574,
"姫新","姫路",0,
"姫新","播磨高岡",38,
"姫新","余部",61,
"姫新","太市",99,
"姫新","本竜野",149,
"姫新","東觜崎",178,
"姫新","播磨新宮",221,
"姫新","千本",276,
"姫新","西栗栖",312,
"姫新","三日月",366,
"姫新","播磨徳久",425,
"姫新","佐用",459,
"姫新","上月",509,
"姫新","美作土居",576,
"姫新","美作江見",630,
"姫新","楢原",664,
"姫新","林野",704,
"姫新","勝間田",743,
"姫新","西勝間田",773,
"姫新","美作大崎",793,
"姫新","東津山",837,
"姫新","津山",863,
"姫新","院庄",908,
"姫新","美作千代",956,
"姫新","坪井",983,
"姫新","美作追分",1039,
"姫新","美作落合",1109,
"姫新","古見",1146,
"姫新","久世",1189,
"姫新","中国勝山",1238,
"姫新","月田",1286,
"姫新","富原",1347,
"姫新","刑部",1412,
"姫新","丹治部",1450,
"姫新","岩山",1498,
"姫新","新見",1581,
"津山","岡山",0,
"津山","法界院",23,
"津山","備前原",51,
"津山","玉柏",75,
"津山","牧山",114,
"津山","野々口",167,
"津山","金川",197,
"津山","建部",270,
"津山","福渡",303,
"津山","神目",365,
"津山","弓削",405,
"津山","誕生寺",435,
"津山","小原",455,
"津山","亀甲",491,
"津山","佐良山",534,
"津山","津山口",568,
"津山","津山",587,
"因美","鳥取",0,
"因美","津ノ井",43,
"因美","東郡家",82,
"因美","郡家",103,
"因美","河原",141,
"因美","国英",174,
"因美","鷹狩",198,
"因美","用瀬",211,
"因美","因幡社",249,
"因美","智頭",319,
"因美","土師",356,
"因美","那岐",385,
"因美","美作河井",485,
"因美","知和",520,
"因美","美作加茂",558,
"因美","三浦",593,
"因美","美作滝尾",615,
"因美","高野",667,
"因美","東津山",708,
"吉備","岡山",0,
"吉備","備前三門",19,
"吉備","大安寺",33,
"吉備","備前一宮",65,
"吉備","吉備津",84,
"吉備","備中高松",110,
"吉備","足守",134,
"吉備","服部",162,
"吉備","東総社",188,
"吉備","総社",204,
"芸備","備中神代",0,
"芸備","坂根",39,
"芸備","市岡",65,
"芸備","矢神",100,
"芸備","野馳",136,
"芸備","東城",188,
"芸備","備後八幡",253,
"芸備","内名",290,
"芸備","小奴可",336,
"芸備","道後山",378,
"芸備","備後落合",446,
"芸備","比婆山",502,
"芸備","備後西城",532,
"芸備","平子",574,
"芸備","高",623,
"芸備","備後庄原",685,
"芸備","備後三日市",705,
"芸備","七塚",722,
"芸備","山ノ内",752,
"芸備","下和知",801,
"芸備","塩町",832,
"芸備","神杉",847,
"芸備","八次",880,
"芸備","三次",903,
"芸備","西三次",919,
"芸備","志和地",996,
"芸備","上川立",1022,
"芸備","甲立",1065,
"芸備","吉田口",1099,
"芸備","向原",1161,
"芸備","井原市",1220,
"芸備","志和口",1260,
"芸備","上三田",1295,
"芸備","中三田",1340,
"芸備","白木山",1363,
"芸備","狩留家",1385,
"芸備","上深川",1407,
"芸備","中深川",1435,
"芸備","下深川",1449,
"芸備","玖村",1468,
"芸備","安芸矢口",1493,
"芸備","戸坂",1521,
"芸備","矢賀",1569,
"芸備","広島",1591,
"木次","宍道",0,
"木次","南宍道",36,
"木次","加茂中",87,
"木次","幡屋",118,
"木次","出雲大東",139,
"木次","南大東",175,
"木次","木次",211,
"木次","日登",248,
"木次","下久野",315,
"木次","出雲八代",374,
"木次","出雲三成",415,
"木次","亀嵩",459,
"木次","出雲横田",523,
"木次","八川",563,
"木次","出雲坂根",633,
"木次","三井野原",697,
"木次","油木",753,
"木次","備後落合",819,
"福塩","福山",0,
"福塩","備後本庄",18,
"福塩","横尾",61,
"福塩","神辺",84,
"福塩","湯田村",104,
"福塩","道上",113,
"福塩","万能倉",134,
"福塩","駅家",146,
"福塩","近田",160,
"福塩","戸手",170,
"福塩","上戸手",188,
"福塩","新市",200,
"福塩","高木",217,
"福塩","鵜飼",227,
"福塩","（塩）府中",236,
"福塩","下川辺",279,
"福塩","中畑",318,
"福塩","河佐",349,
"福塩","備後三川",424,
"福塩","備後矢野",466,
"福塩","上下",503,
"福塩","甲奴",547,
"福塩","梶田",571,
"福塩","備後安田",623,
"福塩","吉舎",673,
"福塩","三良坂",736,
"福塩","塩町",780,
"三江","江津",0,
"三江","江津本町",11,
"三江","千金",34,
"三江","川平",70,
"三江","川戸",139,
"三江","田津",193,
"三江","石見川越",223,
"三江","鹿賀",258,
"三江","因原",289,
"三江","石見川本",326,
"三江","木路原",346,
"三江","竹",376,
"三江","乙原",398,
"三江","石見簗瀬",427,
"三江","明塚",450,
"三江","粕淵",481,
"三江","浜原",501,
"三江","沢谷",538,
"三江","潮",596,
"三江","石見松原",628,
"三江","石見都賀",684,
"三江","宇都井",748,
"三江","伊賀和志",782,
"三江","口羽",797,
"三江","江平",832,
"三江","作木口",849,
"三江","香淀",897,
"三江","式敷",933,
"三江","信木",951,
"三江","所木",970,
"三江","船佐",984,
"三江","（三）長谷",1006,
"三江","粟屋",1031,
"三江","尾関山",1061,
"三江","三次",1081,
"境","米子",0,
"境","博労町",10,
"境","富士見町",15,
"境","後藤",22,
"境","三本松口",33,
"境","河崎口",53,
"境","弓ヶ浜",72,
"境","和田浜",97,
"境","大篠津町",111,
"境","米子空港",127,
"境","中浜",132,
"境","高松町",143,
"境","余子",150,
"境","（境）上道",163,
"境","馬場崎町",172,
"境","境港",179,
"宇野","岡山",0,
"宇野","大元",25,
"宇野","備前西市",45,
"宇野","妹尾",83,
"宇野","備中箕島",102,
"宇野","早島",119,
"宇野","久々原",132,
"宇野","茶屋町",149,
"宇野","彦崎",181,
"宇野","備前片岡",209,
"宇野","迫川",228,
"宇野","常山",241,
"宇野","八浜",266,
"宇野","備前田井",303,
"宇野","宇野",328,
"本四備讃","茶屋町",0,
"本四備讃","植松",29,
"本四備讃","木見",56,
"本四備讃","上の町",97,
"本四備讃","児島",129,"四国"
"本四備讃","宇多津",310,"四国"
,,,
"予讃","（讃）高松",0,
"予讃","香西",34,
"予讃","鬼無",61,
"予讃","端岡",95,
"予讃","（讃）国分",119,
"予讃","讃岐府中",142,
"予讃","鴨川",166,
"予讃","八十場",186,
"予讃","坂出",213,
"予讃","宇多津",259,
"予讃","丸亀",285,
"予讃","讃岐塩屋",301,
"予讃","多度津",327,
"予讃","海岸寺",365,
"予讃","津島ノ宮",395,
"予讃","詫間",420,
"予讃","みの",445,
"予讃","（讃）高瀬",470,
"予讃","比地大",500,
"予讃","本山",524,
"予讃","観音寺",565,
"予讃","豊浜",620,
"予讃","箕浦",664,
"予讃","川之江",722,
"予讃","伊予三島",776,
"予讃","伊予寒川",817,
"予讃","赤星",859,
"予讃","伊予土居",886,
"予讃","関川",922,
"予讃","多喜浜",994,
"予讃","新居浜",1031,
"予讃","中萩",1079,
"予讃","伊予西条",1143,
"予讃","石鎚山",1178,
"予讃","伊予氷見",1203,
"予讃","伊予小松",1216,
"予讃","玉之江",1245,
"予讃","壬生川",1268,
"予讃","伊予三芳",1302,
"予讃","伊予桜井",1378,
"予讃","伊予富田",1416,
"予讃","今治",1449,
"予讃","波止浜",1496,
"予讃","波方",1523,
"予讃","大西",1564,
"予讃","伊予亀岡",1619,
"予讃","菊間",1659,
"予讃","浅海",1706,
"予讃","大浦",1738,
"予讃","伊予北条",1769,
"予讃","（讃）柳原",1791,
"予讃","粟井",1803,
"予讃","光洋台",1823,
"予讃","堀江",1849,
"予讃","伊予和気",1870,
"予讃","三津浜",1907,
"予讃","松山",1944,
"予讃","市坪",1979,
"予讃","北伊予",2000,
"予讃","伊予横田",2030,
"予讃","鳥ノ木",2048,
"予讃","伊予市",2060,
"予讃","向井原",2085,
"予讃","高野川",2139,
"予讃","伊予上灘",2171,
"予讃","下灘",2224,
"予讃","串",2250,
"予讃","喜多灘",2282,
"予讃","伊予長浜",2331,
"予讃","伊予出石",2359,
"予讃","伊予白滝",2393,
"予讃","八多喜",2417,
"予讃","春賀",2434,
"予讃","五郎",2457,
"予讃","伊予大洲",2495,
"予讃","西大洲",2516,
"予讃","伊予平野",2535,
"予讃","千丈",2606,
"予讃","八幡浜",2628,
"予讃","双岩",2675,
"予讃","伊予石城",2724,
"予讃","上宇和",2754,
"予讃","卯之町",2774,
"予讃","下宇和",2800,
"予讃","立間",2866,
"予讃","伊予吉田",2893,
"予讃","高光",2939,
"予讃","北宇和島",2961,
"予讃","宇和島",2976,
"予讃2","向井原",0,
"予讃2","伊予大平",28,
"予讃2","伊予中山",102,
"予讃2","伊予立川",169,
"予讃2","内子",235,
"予讃3","新谷",0,
"予讃3","伊予大洲",59,
"内子","新谷",0,
"内子","喜多山",12,
"内子","五十崎",37,
"内子","内子",53,
"土讃","多度津",0,
"土讃","金蔵寺",37,
"土讃","善通寺",60,
"土讃","琴平",113,
"土讃","塩入",177,
"土讃","黒川",216,
"土讃","讃岐財田",239,
"土讃","坪尻",321,
"土讃","箸蔵",354,
"土讃","佃",388,
"土讃","阿波池田",439,
"土讃","三縄",478,
"土讃","祖谷口",523,
"土讃","阿波川口",551,
"土讃","小歩危",598,
"土讃","大歩危",655,
"土讃","土佐岩原",727,
"土讃","豊永",767,
"土讃","大田口",804,
"土讃","土佐穴内",832,
"土讃","大杉",872,
"土讃","土佐北川",933,
"土讃","角茂谷",955,
"土讃","繁藤",976,
"土讃","新改",1039,
"土讃","土佐山田",1113,
"土讃","山田西町",1121,
"土讃","土佐長岡",1141,
"土讃","後免",1162,
"土讃","土佐大津",1194,
"土讃","布師田",1214,
"土讃","土佐一宮",1227,
"土讃","薊野",1244,
"土讃","高知",1266,
"土讃","入明",1279,
"土讃","円行寺口",1287,
"土讃","（土）旭",1302,
"土讃","高知商業前",1313,
"土讃","朝倉",1327,
"土讃","枝川",1362,
"土讃","伊野",1380,
"土讃","波川",1395,
"土讃","小村神社前",1416,
"土讃","日下",1437,
"土讃","岡花",1457,
"土讃","土佐加茂",1486,
"土讃","西佐川",1524,
"土讃","佐川",1542,
"土讃","襟野々",1560,
"土讃","斗賀野",1580,
"土讃","吾桑",1634,
"土讃","多ノ郷",1661,
"土讃","大間",1670,
"土讃","須崎",1687,
"土讃","土佐新荘",1706,
"土讃","安和",1736,
"土讃","土佐久礼",1797,
"土讃","影野",1904,
"土讃","六反地",1922,
"土讃","（土）仁井田",1942,
"土讃","窪川",1987,
"予土","若井",0,
"予土","家地川",58,
"予土","打井川",107,
"予土","土佐大正",176,
"予土","土佐昭和",265,
"予土","十川",310,
"予土","半家",389,
"予土","江川崎",427,
"予土","西ヶ方",454,
"予土","真土",513,
"予土","吉野生",530,
"予土","松丸",553,
"予土","出目",588,
"予土","近永",604,
"予土","深田",625,
"予土","大内",654,
"予土","二名",669,
"予土","伊予宮野下",691,
"予土","務田",700,
"予土","北宇和島",763,
"高徳","（讃）高松",0,
"高徳","昭和町",15,
"高徳","栗林公園北口",32,
"高徳","栗林",43,
"高徳","木太町",67,
"高徳","屋島",95,
"高徳","古高松南",108,
"高徳","八栗口",123,
"高徳","讃岐牟礼",134,
"高徳","志度",163,
"高徳","オレンジタウン",189,
"高徳","造田",213,
"高徳","神前",234,
"高徳","讃岐津田",277,
"高徳","鶴羽",304,
"高徳","丹生",344,
"高徳","三本松",376,
"高徳","讃岐白鳥",407,
"高徳","引田",451,
"高徳","讃岐相生",476,
"高徳","阿波大宮",532,
"高徳","板野",580,
"高徳","阿波川端",598,
"高徳","板東",621,
"高徳","池谷",642,
"高徳","勝瑞",669,
"高徳","吉成",682,
"高徳","佐古",731,
"高徳","徳島",745,
"鳴門","池谷",0,
"鳴門","阿波大谷",13,
"鳴門","立道",30,
"鳴門","教会前",49,
"鳴門","金比羅前",57,
"鳴門","撫養",72,
"鳴門","鳴門",85,
"徳島","佐古",0,
"徳島","蔵本",19,
"徳島","鮎喰",30,
"徳島","（徳）府中",52,
"徳島","石井",89,
"徳島","下浦",112,
"徳島","牛島",137,
"徳島","麻植塚",157,
"徳島","鴨島",175,
"徳島","西麻植",194,
"徳島","阿波川島",213,
"徳島","学",248,
"徳島","山瀬",276,
"徳島","阿波山川",298,
"徳島","川田",327,
"徳島","穴吹",372,
"徳島","小島",429,
"徳島","貞光",481,
"徳島","阿波半田",503,
"徳島","江口",563,
"徳島","三加茂",588,
"徳島","阿波加茂",609,
"徳島","辻",660,
"徳島","佃",675,
"牟岐","徳島",0,
"牟岐","阿波富田",14,
"牟岐","二軒屋",28,
"牟岐","文化の森",39,
"牟岐","地蔵橋",60,
"牟岐","（牟）中田",92,
"牟岐","南小松島",109,
"牟岐","阿波赤石",142,
"牟岐","立江",156,
"牟岐","羽ノ浦",177,
"牟岐","西原",198,
"牟岐","阿波中島",218,
"牟岐","阿南",245,
"牟岐","見能林",264,
"牟岐","阿波橘",286,
"牟岐","桑野",326,
"牟岐","（牟）新野",362,
"牟岐","阿波福井",389,
"牟岐","由岐",449,
"牟岐","木岐",472,
"牟岐","田井ノ浜",457,
"牟岐","北河内",515,
"牟岐","日和佐",533,
"牟岐","山河内",584,
"牟岐","辺川",643,
"牟岐","牟岐",677,
"牟岐","鯖瀬",720,
"牟岐","浅川",754,
"牟岐","阿波海南",778,
"牟岐","海部",793,
,,,
"鹿児島1","門司港",0,
"鹿児島1","小森江",40,
"鹿児島1","門司",55,
"鹿児島1","小倉",110,
"鹿児島1","西小倉",118,
"鹿児島1","九州工大前",153,
"鹿児島1","戸畑",172,
"鹿児島1","枝光",200,
"鹿児島1","スペースワールド",211,
"鹿児島1","八幡",222,
"鹿児島1","黒崎",249,
"鹿児島1","陣原",271,
"鹿児島1","折尾",301,
"鹿児島1","水巻",322,
"鹿児島1","遠賀川",343,
"鹿児島1","海老津",394,
"鹿児島1","教育大前",446,
"鹿児島1","赤間",465,
"鹿児島1","東郷",507,
"鹿児島1","東福間",539,
"鹿児島1","福間",566,
"鹿児島1","千鳥",585,
"鹿児島1","古賀",606,
"鹿児島1","ししぶ",620,
"鹿児島1","新宮中央",634,
"鹿児島1","福工大前",651,
"鹿児島1","九産大前",681,
"鹿児島1","香椎",698,
"鹿児島1","千早",710,
"鹿児島1","箱崎",750,
"鹿児島1","吉塚",764,
"鹿児島1","博多",782,
"鹿児島1","竹下",809,
"鹿児島1","笹原",833,
"鹿児島1","南福岡",849,
"鹿児島1","春日",861,
"鹿児島1","大野城",874,
"鹿児島1","水城",888,
"鹿児島1","都府楼南",910,
"鹿児島1","二日市",924,
"鹿児島1","天拝山",943,
"鹿児島1","原田",979,
"鹿児島1","けやき台",999,
"鹿児島1","基山",1014,
"鹿児島1","弥生が丘",1035,
"鹿児島1","田代",1056,
"鹿児島1","鳥栖",1068,
"鹿児島1","肥前旭",1104,
"鹿児島1","久留米",1139,
"鹿児島1","荒木",1188,
"鹿児島1","西牟田",1226,
"鹿児島1","羽犬塚",1261,
"鹿児島1","筑後船小屋",1297,
"鹿児島1","瀬高",1322,
"鹿児島1","南瀬高",1352,
"鹿児島1","渡瀬",1391,
"鹿児島1","吉野",1419,
"鹿児島1","銀水",1443,
"鹿児島1","大牟田",1475,
"鹿児島1","（鹿）荒尾",1516,
"鹿児島1","南荒尾",1548,
"鹿児島1","長洲",1594,
"鹿児島1","大野下",1641,
"鹿児島1","玉名",1686,
"鹿児島1","肥後伊倉",1728,
"鹿児島1","木葉",1767,
"鹿児島1","田原坂",1802,
"鹿児島1","植木",1846,
"鹿児島1","西里",1888,
"鹿児島1","崇城大学前",1917,
"鹿児島1","上熊本",1933,
"鹿児島1","熊本",1966,
"鹿児島1","川尻",2019,
"鹿児島1","富合",2053,
"鹿児島1","宇土",2075,
"鹿児島1","松橋",2123,
"鹿児島1","小川",2185,
"鹿児島1","有佐",2235,
"鹿児島1","千丁",2276,
"鹿児島1","新八代",2295,
"鹿児島1","八代",2323,
"鹿児島2","（鹿）川内",0,
"鹿児島2","隈之城",26,
"鹿児島2","木場茶屋",57,
"鹿児島2","串木野",120,
"鹿児島2","神村学園前",142,
"鹿児島2","市来",166,
"鹿児島2","湯之元",204,
"鹿児島2","東市来",229,
"鹿児島2","伊集院",288,
"鹿児島2","薩摩松元",341,
"鹿児島2","上伊集院",365,
"鹿児島2","広木",415,
"鹿児島2","鹿児島中央",461,
"鹿児島2","鹿児島",493,
"博多南","博多",0,
"博多南","博多南",85,
"筑豊","若松",0,
"筑豊","藤ノ木",29,
"筑豊","奥洞海",46,
"筑豊","二島",63,
"筑豊","本城",93,
"筑豊","折尾",108,
"筑豊","東水巻",135,
"筑豊","中間",149,
"筑豊","筑前垣生",164,
"筑豊","鞍手",187,
"筑豊","筑前植木",212,
"筑豊","新入",228,
"筑豊","直方",248,
"筑豊","勝野",275,
"筑豊","小竹",313,
"筑豊","鯰田",347,
"筑豊","浦田",362,
"筑豊","新飯塚",376,
"筑豊","飯塚",394,
"筑豊","天道",423,
"筑豊","（筑）桂川",453,
"筑豊","上穂波",481,
"筑豊","筑前内野",512,
"筑豊","筑前山家",614,
"筑豊","原田",661,
"香椎","西戸崎",0,
"香椎","海ノ中道",21,
"香椎","雁ノ巣",65,
"香椎","奈多",74,
"香椎","和白",92,
"香椎","香椎",129,
"香椎","香椎神宮",142,
"香椎","舞松原",148,
"香椎","土井",164,
"香椎","伊賀",182,
"香椎","長者原",192,
"香椎","酒殿",206,
"香椎","須恵",219,
"香椎","須恵中央",231,
"香椎","新原",241,
"香椎","宇美",254,
"篠栗","吉塚",0,
"篠栗","柚須",25,
"篠栗","原町",50,
"篠栗","長者原",57,
"篠栗","門松",77,
"篠栗","篠栗",103,
"篠栗","筑前山手",134,
"篠栗","城戸南蔵院前",149,
"篠栗","九郎原",199,
"篠栗","筑前大分",219,
"篠栗","（筑）桂川",251,
"後藤寺","新飯塚",0,
"後藤寺","上三緒",31,
"後藤寺","下鴨生",50,
"後藤寺","筑前庄内",62,
"後藤寺","船尾",99,
"後藤寺","田川後藤寺",133,
"日田彦山","城野",0,
"日田彦山","石田",33,
"日田彦山","志井公園",51,
"日田彦山","志井",68,
"日田彦山","石原町",90,
"日田彦山","呼野",123,
"日田彦山","採銅所",181,
"日田彦山","香春",234,
"日田彦山","一本松",250,
"日田彦山","田川伊田",274,
"日田彦山","田川後藤寺",300,
"日田彦山","池尻",322,
"日田彦山","豊前川崎",347,
"日田彦山","西添田",383,
"日田彦山","添田",395,
"日田彦山","歓遊舎ひこさん",416,
"日田彦山","豊前桝田",432,
"日田彦山","彦山",472,
"日田彦山","筑前岩屋",551,
"日田彦山","大行司",593,
"日田彦山","宝珠山",613,
"日田彦山","大鶴",629,
"日田彦山","今山",654,
"日田彦山","夜明",687,
"日豊","小倉",0,
"日豊","西小倉",8,
"日豊","南小倉",35,
"日豊","城野",61,
"日豊","安部山公園",84,
"日豊","下曽根",116,
"日豊","朽網",150,
"日豊","苅田",186,
"日豊","小波瀬西工大前",222,
"日豊","行橋",250,
"日豊","南行橋",268,
"日豊","新田原",302,
"日豊","築城",339,
"日豊","椎田",369,
"日豊","豊前松江",418,
"日豊","宇島",452,
"日豊","三毛門",480,
"日豊","（豊）吉富",500,
"日豊","中津",518,
"日豊","東中津",567,
"日豊","今津",601,
"日豊","天津",625,
"日豊","豊前善光寺",655,
"日豊","柳ヶ浦",691,
"日豊","豊前長洲",710,
"日豊","宇佐",758,
"日豊","西屋敷",794,
"日豊","立石",852,
"日豊","中山香",904,
"日豊","杵築",992,
"日豊","大神",1033,
"日豊","日出",1072,
"日豊","暘谷",1084,
"日豊","豊後豊岡",1113,
"日豊","亀川",1149,
"日豊","別府大学",1170,
"日豊","別府",1208,
"日豊","東別府",1228,
"日豊","西大分",1304,
"日豊","大分",1329,
"日豊","牧",1362,
"日豊","高城",1380,
"日豊","鶴崎",1410,
"日豊","大在",1443,
"日豊","坂ノ市",1474,
"日豊","幸崎",1518,
"日豊","佐志生",1590,
"日豊","下ノ江",1611,
"日豊","熊崎",1647,
"日豊","上臼杵",1676,
"日豊","臼杵",1692,
"日豊","津久見",1789,
"日豊","日代",1844,
"日豊","浅海井",1882,
"日豊","狩生",1920,
"日豊","海崎",1948,
"日豊","佐伯",1978,
"日豊","上岡",2024,
"日豊","直見",2088,
"日豊","直川",2136,
"日豊","重岡",2242,
"日豊","宗太郎",2310,
"日豊","市棚",2385,
"日豊","北川",2432,
"日豊","日向長井",2467,
"日豊","北延岡",2513,
"日豊","延岡",2562,
"日豊","南延岡",2596,
"日豊","旭ヶ丘",2631,
"日豊","土々呂",2657,
"日豊","門川",2700,
"日豊","日向市",2767,
"日豊","財光寺",2789,
"日豊","南日向",2831,
"日豊","美々津",2897,
"日豊","東都農",2941,
"日豊","都農",2987,
"日豊","川南",3056,
"日豊","高鍋",3136,
"日豊","日向新富",3200,
"日豊","佐土原",3267,
"日豊","日向住吉",3309,
"日豊","蓮ヶ池",3347,
"日豊","宮崎神宮",3374,
"日豊","宮崎",3399,
"日豊","南宮崎",3425,
"日豊","加納",3451,
"日豊","清武",3478,
"日豊","日向沓掛",3525,
"日豊","田野",3580,
"日豊","青井岳",3693,
"日豊","山之口",3791,
"日豊","餅原",3820,
"日豊","三股",3856,
"日豊","都城",3899,
"日豊","西都城",3924,
"日豊","五十市",3952,
"日豊","財部",3994,
"日豊","北俣",4030,
"日豊","大隅大川原",4081,
"日豊","北永野田",4134,
"日豊","霧島神宮",4194,
"日豊","（豊）国分",4321,
"日豊","隼人",4347,
"日豊","加治木",4416,
"日豊","錦江",4433,
"日豊","帖佐",4455,
"日豊","姶良",4471,
"日豊","重富",4487,
"日豊","竜ヶ水",4557,
"日豊","鹿児島",4626,
"久大","久留米",0,
"久大","久留米高校前",34,
"久大","南久留米",49,
"久大","久留米大学前",68,
"久大","御井",80,
"久大","善導寺",126,
"久大","筑後草野",157,
"久大","田主丸",208,
"久大","筑後吉井",264,
"久大","うきは",300,
"久大","筑後大石",330,
"久大","夜明",391,
"久大","光岡",452,
"久大","日田",476,
"久大","豊後三芳",494,
"久大","豊後中川",553,
"久大","天ヶ瀬",595,
"久大","杉河内",636,
"久大","北山田",678,
"久大","豊後森",732,
"久大","恵良",773,
"久大","引治",807,
"久大","豊後中村",831,
"久大","野矢",882,
"久大","由布院",991,
"久大","南由布",1025,
"久大","湯平",1096,
"久大","庄内",1145,
"久大","天神山",1181,
"久大","小野屋",1196,
"久大","鬼瀬",1246,
"久大","向之原",1277,
"久大","豊後国分",1317,
"久大","賀来",1339,
"久大","南大分",1366,
"久大","古国府",1389,
"久大","大分",1415,
"豊肥","熊本",0,
"豊肥","平成",27,
"豊肥","南熊本",36,
"豊肥","新水前寺",52,
"豊肥","水前寺",58,
"豊肥","東海学園前",78,
"豊肥","竜田口",89,
"豊肥","武蔵塚",129,
"豊肥","光の森",148,
"豊肥","三里木",158,
"豊肥","原水",189,
"豊肥","肥後大津",226,
"豊肥","（豊肥）瀬田",272,
"豊肥","立野",323,
"豊肥","赤水",402,
"豊肥","市ノ川",426,
"豊肥","内牧",464,
"豊肥","阿蘇",499,
"豊肥","いこいの村",512,
"豊肥","宮地",534,
"豊肥","波野",641,
"豊肥","滝水",690,
"豊肥","豊後荻",752,
"豊肥","玉来",849,
"豊肥","豊後竹田",880,
"豊肥","朝地",939,
"豊肥","緒方",1003,
"豊肥","豊後清川",1054,
"豊肥","三重町",1119,
"豊肥","菅尾",1173,
"豊肥","犬飼",1252,
"豊肥","竹中",1308,
"豊肥","中判田",1363,
"豊肥","大分大学前",1388,
"豊肥","敷戸",1402,
"豊肥","滝尾",1429,
"豊肥","大分",1480,
"三角","宇土",0,
"三角","緑川",40,
"三角","（三）住吉",72,
"三角","肥後長浜",114,
"三角","網田",145,
"三角","赤瀬",184,
"三角","石打ダム",196,
"三角","波多浦",235,
"三角","三角",256,
"指宿枕崎","鹿児島中央",0,
"指宿枕崎","郡元",22,
"指宿枕崎","南鹿児島",35,
"指宿枕崎","宇宿",49,
"指宿枕崎","谷山",74,
"指宿枕崎","慈眼寺",92,
"指宿枕崎","坂之上",113,
"指宿枕崎","五位野",141,
"指宿枕崎","平川",172,
"指宿枕崎","瀬々串",206,
"指宿枕崎","中名",240,
"指宿枕崎","喜入",266,
"指宿枕崎","前之浜",304,
"指宿枕崎","生見",350,
"指宿枕崎","薩摩今和泉",379,
"指宿枕崎","宮ヶ浜",407,
"指宿枕崎","二月田",434,
"指宿枕崎","指宿",457,
"指宿枕崎","山川",500,
"指宿枕崎","大山",542,
"指宿枕崎","西大山",567,
"指宿枕崎","薩摩川尻",578,
"指宿枕崎","東開聞",596,
"指宿枕崎","開聞",610,
"指宿枕崎","（指）入野",628,
"指宿枕崎","頴娃",661,
"指宿枕崎","西頴娃",677,
"指宿枕崎","御領",704,
"指宿枕崎","石垣",728,
"指宿枕崎","水成川",742,
"指宿枕崎","頴娃大川",760,
"指宿枕崎","松ヶ浦",781,
"指宿枕崎","薩摩塩屋",799,
"指宿枕崎","（指）白沢",819,
"指宿枕崎","薩摩板敷",844,
"指宿枕崎","枕崎",878,
"日南","南宮崎",0,
"日南","田吉",20,
"日南","南方",42,
"日南","木花",75,
"日南","運動公園",90,
"日南","曽山寺",102,
"日南","子供の国",114,
"日南","青島",127,
"日南","折生迫",138,
"日南","内海",175,
"日南","小内海",199,
"日南","伊比井",233,
"日南","北郷",325,
"日南","内之田",371,
"日南","飫肥",398,
"日南","日南",438,
"日南","油津",460,
"日南","大堂津",503,
"日南","南郷",530,
"日南","谷之口",561,
"日南","榎原",605,
"日南","日向大束",686,
"日南","日向北方",718,
"日南","串間",744,
"日南","福島今町",772,
"日南","福島高松",796,
"日南","大隅夏井",845,
"日南","志布志",889,
"宮崎空港","田吉",0,
"宮崎空港","宮崎空港",14,
"長崎","鳥栖",0,
"長崎","新鳥栖",29,
"長崎","肥前麓",42,
"長崎","中原",85,
"長崎","吉野ヶ里公園",131,
"長崎","神埼",157,
"長崎","伊賀屋",201,
"長崎","佐賀",250,
"長崎","鍋島",280,
"長崎","バルーンさが",298,
"長崎","久保田",314,
"長崎","牛津",342,
"長崎","肥前山口",396,
"長崎","肥前白石",447,
"長崎","肥前竜王",494,
"長崎","肥前鹿島",546,
"長崎","肥前浜",576,
"長崎","肥前七浦",615,
"長崎","肥前飯田",636,
"長崎","多良",677,
"長崎","肥前大浦",756,
"長崎","小長井",823,
"長崎","長里",847,
"長崎","湯江",876,
"長崎","小江",909,
"長崎","肥前長田",956,
"長崎","東諫早",978,
"長崎","諫早",1004,
"長崎","西諫早",1032,
"長崎","喜々津",1069,
"長崎","市布",1094,
"長崎","肥前古賀",1123,
"長崎","現川",1148,
"長崎","浦上",1237,
"長崎","長崎",1253,
"長崎2","喜々津",0,
"長崎2","東園",35,
"長崎2","大草",72,
"長崎2","本川内",123,
"長崎2","長与",154,
"長崎2","（長）高田",164,
"長崎2","道ノ尾",189,
"長崎2","西浦上",206,
"長崎2","浦上",235,
"唐津","久保田",0,
"唐津","小城",51,
"唐津","東多久",106,
"唐津","中多久",136,
"唐津","多久",152,
"唐津","厳木",208,
"唐津","岩屋",233,
"唐津","相知",260,
"唐津","本牟田部",301,
"唐津","山本",329,
"唐津","鬼塚",366,
"唐津","唐津",403,
"唐津","西唐津",425,
"筑肥","山本",0,
"筑肥","肥前久保",51,
"筑肥","西相知",66,
"筑肥","佐里",82,
"筑肥","駒鳴",110,
"筑肥","大川野",129,
"筑肥","肥前長野",143,
"筑肥","桃川",174,
"筑肥","金石原",197,
"筑肥","上伊万里",241,
"筑肥","伊万里",257,
"筑肥2","姪浜",0,
"筑肥2","下山門",16,
"筑肥2","今宿",52,
"筑肥2","九大学研都市",68,
"筑肥2","周船寺",81,
"筑肥2","波多江",101,
"筑肥2","筑前前原",127,
"筑肥2","美咲が丘",143,
"筑肥2","加布里",154,
"筑肥2","一貴山",167,
"筑肥2","筑前深江",201,
"筑肥2","大入",233,
"筑肥2","福吉",261,
"筑肥2","鹿家",302,
"筑肥2","浜崎",354,
"筑肥2","虹ノ松原",375,
"筑肥2","東唐津",393,
"筑肥2","和多田",409,
"筑肥2","唐津",426,
"佐世保","肥前山口",0,
"佐世保","（佐世）大町",51,
"佐世保","北方",74,
"佐世保","高橋",114,
"佐世保","武雄温泉",137,
"佐世保","永尾",183,
"佐世保","三間坂",215,
"佐世保","上有田",257,
"佐世保","有田",282,
"佐世保","三河内",357,
"佐世保","早岐",399,
"佐世保","大塔",426,
"佐世保","日宇",455,
"佐世保","佐世保",488,
"大村","早岐",0,
"大村","ハウステンボス",47,
"大村","南風崎",56,
"大村","小串郷",96,
"大村","川棚",136,
"大村","彼杵",196,
"大村","千綿",240,
"大村","松原",285,
"大村","竹松",328,
"大村","諏訪",348,
"大村","大村",362,
"大村","岩松",400,
"大村","諫早",436,
"肥薩","八代",0,
"肥薩","段",52,
"肥薩","坂本",110,
"肥薩","葉木",144,
"肥薩","鎌瀬",168,
"肥薩","瀬戸石",196,
"肥薩","海路",235,
"肥薩","吉尾",267,
"肥薩","（肥）白石",298,
"肥薩","球泉洞",349,
"肥薩","一勝地",398,
"肥薩","那良口",424,
"肥薩","渡",453,
"肥薩","西人吉",484,
"肥薩","人吉",518,
"肥薩","大畑",622,
"肥薩","矢岳",717,
"肥薩","真幸",790,
"肥薩","吉松",868,
"肥薩","栗野",943,
"肥薩","大隅横川",1008,
"肥薩","植村",1028,
"肥薩","霧島温泉",1065,
"肥薩","嘉例川",1123,
"肥薩","中福良",1144,
"肥薩","表木山",1168,
"肥薩","日当山",1216,
"肥薩","隼人",1242,
"吉都","都城",0,
"吉都","日向庄内",41,
"吉都","谷頭",71,
"吉都","万ヶ塚",106,
"吉都","東高崎",135,
"吉都","高崎新田",178,
"吉都","日向前田",222,
"吉都","高原",268,
"吉都","広原",308,
"吉都","（吉）小林",348,
"吉都","西小林",410,
"吉都","えびの飯野",466,
"吉都","えびの上江",486,
"吉都","えびの",520,
"吉都","京町温泉",566,
"吉都","鶴丸",590,
"吉都","吉松",616,
