"stationname:text:u","stationyomi:text","stationdenryaku:text:u","urbanid:integer::urban[urbanname]","cityid:integer","yamanote:integer","denshaid:integer::densha[denshaname]","comment:trash"
"江差","えさし","セカエシ",,,,,"江差"
"上ノ国","かみのくに","セカカニ",,,,,
"中須田","なかすだ","セカスタ",,,,,
"桂岡","かつらおか","セカツラ",,,,,
"宮越","みやこし","セカコシ",,,,,
"湯ノ岱","ゆのたい","セカユノ",,,,,
"神明","しんめい","セカシン",,,,,
"吉堀","よしぼり","セカヨシ",,,,,
"渡島鶴岡","おしまつるおか","セカツル",,,,,
"木古内","きこない","セカキコ",,,,,
"札苅","さつかり","セカサカ",,,,,
"泉沢","いずみさわ","セカイミ",,,,,
"釜谷","かまや","セカマヤ",,,,,
"渡島当別","おしまとうべつ","セカマト",,,,,
"茂辺地","もへじ","セカモチ",,,,,
"上磯","かみいそ","セカイソ",,,,,
"清川口","きよかわぐち","セカキヨ",,,,,
"久根別","くねべつ","セカクヘ",,,,,
"東久根別","ひがしくねべつ","セカクツ",,,,,
"七重浜","ななえはま","セカナハ",,,,,
"函館","はこだて","セカハコ",,,,,"函館"
"五稜郭","ごりょうかく","セカコリ",,,,,
"桔梗","ききょう","セカキケ",,,,,
"大中山","おおなかやま","セカオウ",,,,,
"七飯","ななえ","セカナナ",,,,,
"渡島大野","おしまおおの","セカオオ",,,,,
"仁山","にやま","セカニマ",,,,,
"大沼","おおぬま","セカオマ",,,,,
"池田園","いけだえん","セカイタ",,,,,"函館2"
"流山温泉","ながれやまおんせん","セカナオ",,,,,
"銚子口","ちょうしぐち","セカシク",,,,,
"鹿部","しかべ","セカカヘ",,,,,
"渡島沼尻","おしまぬまじり","セカヌリ",,,,,
"渡島砂原","おしまさわら","セカオラ",,,,,
"掛澗","かかりま","セカリマ",,,,,
"尾白内","おしろない","セカオナ",,,,,
"東森","ひがしもり","セカヒモ",,,,,
"大沼公園","おおぬまこうえん","セカオエ",,,,,"函館"
"赤井川","あかいがわ","セカアカ",,,,,
"駒ヶ岳","こまがたけ","セカコマ",,,,,
"東山","ひがしやま","セカヒヤ",,,,,
"（函）姫川","ひめかわ","セカヒメ",,,,,
"森","もり","セカモリ",,,,,
"（函）桂川","かつらがわ","セカツワ",,,,,
"石谷","いしや","セカイヤ",,,,,
"本石倉","ほんいしくら","セカホイ",,,,,
"石倉","いしくら","セカイシ",,,,,
"落部","おとしべ","セカオヘ",,,,,
"野田生","のだおい","セカノタ",,,,,
"山越","やまこし","セカヤコ",,,,,
"八雲","やくも","セカクモ",,,,,
"鷲ノ巣","わしのす","セカワシ",,,,,
"（函）山崎","やまさき","セカサキ",,,,,
"黒岩","くろいわ","セカクロ",,,,,
"北豊津","きたとよつ","セカヨツ",,,,,
"国縫","くんぬい","セカクニ",,,,,
"中ノ沢","なかのさわ","セカナワ",,,,,
"長万部","おしゃまんべ","セカマン",,,,,
"二股","ふたまた","セカフタ",,,,,
"蕨岱","わらびたい","セカタイ",,,,,
"黒松内","くろまつない","セカマツ",,,,,
"熱郛","ねっぷ","セカネツ",,,,,
"目名","めな","サツメナ",,,,,
"蘭越","らんこし","サツコシ",,,,,
"昆布","こんぶ","サツコフ",,,,,
"ニセコ","にせこ","サツニセ",,,,,
"比羅夫","ひらふ","サツラフ",,,,,
"倶知安","くっちゃん","サツクチ",,,,,
"小沢","こざわ","サツサワ",,,,,
"銀山","ぎんざん","サツキン",,,,,
"然別","しかりべつ","サツシカ",,,,,
"仁木","にき","サツニキ",,,,,
"余市","よいち","サツイチ",,,,,
"蘭島","らんしま","サツシマ",,,,,
"塩谷","しおや","サツシホ",,,,,
"小樽","おたる","サツオタ",,,,,
"南小樽","みなみおたる","サツタル",,,,,
"小樽築港","おたるちっこう","サツタコ",,,,,
"朝里","あさり","サツアリ",,,,,
"張碓","はりうす","サツハリ",,,,,
"銭函","ぜにばこ","サツセニ",,,,,
"ほしみ","ほしみ","サツホミ",,1,,,
"星置","ほしおき","サツホシ",,1,,,
"稲穂","いなほ","サツイナ",,1,,,
"手稲","ていね","サツテネ",,1,,,
"稲積公園","いなづみこうえん","サツスミ",,1,,,
"発寒","はっさむ","サツサム",,1,,,
"発寒中央","はっさむちゅうおう","サツハチ",,1,,,
"琴似","ことに","サツコト",,1,,,
"桑園","そうえん","サツソウ",,1,,,
"札幌","さっぽろ","サツサツ",,1,,,
"苗穂","なえぼ","サツナホ",,1,,,
"（函）白石","しろいし","サツシイ",,1,,,
"厚別","あつべつ","サツアヘ",,1,,,
"森林公園","しんりんこうえん","サツシコ",,1,,,
"大麻","おおあさ","サツオア",,,,,
"野幌","のっぽろ","サツノツ",,,,,
"高砂","たかさご","サツサコ",,,,,
"江別","えべつ","サツエツ",,,,,
"豊幌","とよほろ","サツトホ",,,,,
"幌向","ほろむい","サツムイ",,,,,
"上幌向","かみほろむい","サツカミ",,,,,
"岩見沢","いわみざわ","サツイワ",,,,,
"峰延","みねのぶ","サツミネ",,,,,
"光珠内","こうしゅない","サツコウ",,,,,
"美唄","びばい","サツヒハ",,,,,
"茶志内","ちゃしない","サツチヤ",,,,,
"奈井江","ないえ","サツナイ",,,,,
"豊沼","とよぬま","サツトヌ",,,,,
"砂川","すながわ","サツスナ",,,,,
"滝川","たきかわ","サツタキ",,,,,
"江部乙","えべおつ","アサエオ",,,,,
"妹背牛","もせうし","アサモセ",,,,,
"深川","ふかがわ","アサフカ",,,,,
"納内","おさむない","アサオサ",,,,,
"伊納","いのう","アサイノ",,,,,
"近文","ちかぶみ","アサフミ",,,,,
"津軽今別","つがるいまべつ","セカルイ",,,,,"海峡"
"竜飛海底","たっぴかいてい","セカタツ",,,,,
"吉岡海底","よしおかかいてい","セカヨイ",,,,,
"知内","しりうち","セカリウ",,,,,
"稚内","わっかない","アサワカ",,,,,"宗谷"
"南稚内","みなみわっかない","アサミナ",,,,,
"抜海","ばっかい","アサハツ",,,,,
"勇知","ゆうち","アサユチ",,,,,
"兜沼","かぶとぬま","アサカマ",,,,,
"徳満","とくみつ","アサトツ",,,,,
"豊富","とよとみ","アサトト",,,,,
"下沼","しもぬま","アサモマ",,,,,
"南下沼","みなみしもぬま","アサミシ",,,,,
"幌延","ほろのべ","アサノヘ",,,,,
"上幌延","かみほろのべ","アサホノ",,,,,
"南幌延","みなみほろのべ","アサミホ",,,,,
"安牛","やすうし","アサヤス",,,,,
"雄信内","おのっぷない","アサオノ",,,,,
"糠南","ぬかなん","アサヌナ",,,,,
"問寒別","といかんべつ","アサトヒ",,,,,
"歌内","うたない","アサタナ",,,,,
"天塩中川","てしおなかがわ","アサテナ",,,,,
"佐久","さく","アササク",,,,,
"筬島","おさしま","アササマ",,,,,
"音威子府","おといねっぷ","アサオト",,,,,
"咲来","さっくる","アサクル",,,,,
"天塩川温泉","てしおがわおんせん","アサテオ",,,,,
"豊清水","とよしみず","アサトス",,,,,
"恩根内","おんねない","アサネイ",,,,,
"紋穂内","もんぽない","アサモホ",,,,,
"初野","はつの","アサハノ",,,,,
"美深","びふか","アサヒカ",,,,,
"南美深","みなみびふか","アサミカ",,,,,
"智北","ちほく","アサチホ",,,,,
"智恵文","ちえぶん","アサチフ",,,,,
"北星","ほくせい","アサホク",,,,,
"智東","ちとう","アサチト",,,,,
"（宗）日進","にっしん","アサニン",,,,,
"名寄","なよろ","アサナロ",,,,,
"東風連","ひがしふうれん","アサフウ",,,,,
"風連","ふうれん","アサフレ",,,,,
"瑞穂","みずほ","アサスホ",,,,,
"多寄","たよろ","アサタヨ",,,,,
"下士別","しもしべつ","アサシツ",,,,,
"士別","しべつ","アサシヘ",,,,,
"北剣淵","きたけんぶち","アサキチ",,,,,
"剣淵","けんぶち","アサケヌ",,,,,
"東六線","ひがしろくせん","アサロク",,,,,
"和寒","わっさむ","アサワサ",,,,,
"塩狩","しおかり","アサシリ",,,,,
"蘭留","らんる","アサラン",,,,,
"北比布","きたぴっぷ","アサキヒ",,,,,
"比布","ぴっぷ","アサヒフ",,,,,
"南比布","みなみぴっぷ","アサミヒ",,,,,
"北永山","きたながやま","アサキナ",,,,,
"永山","ながやま","アサナカ",,,,,
"新旭川","しんあさひかわ","アサシサ",,,,,
"旭川四条","あさひかわよじょう","アサアシ",,,,,
"旭川","あさひかわ","アサアサ",,,,,
"神楽岡","かぐらおか","アサカク",,,,,"富良野"
"緑が丘","みどりがおか","アサオカ",,,,,
"西御料","にしごりょう","アサニウ",,,,,
"西瑞穂","にしみずほ","アサニミ",,,,,
"西神楽","にしかぐら","アサニカ",,,,,
"西聖和","にしせいわ","アサニセ",,,,,
"千代ヶ岡","ちよがおか","アサチヨ",,,,,
"北美瑛","きたびえい","アサキエ",,,,,
"美瑛","びえい","アサヒイ",,,,,
"美馬牛","びばうし","アサヒシ",,,,,
"上富良野","かみふらの","アサカノ",,,,,
"西中","にしなか","アサニナ",,,,,
"中富良野","なかふらの","アサナノ",,,,,
"鹿討","しかうち","アサシカ",,,,,
"学田","がくでん","アサテン",,,,,
"ラベンダー畑","らべんだーばたけ","アサラヘ",,,,,
"根室","ねむろ","クシネム",,,,,"根室"
"東根室","ひがしねむろ","クシヒネ",,,,,
"花咲","はなさき","クシハサ",,,,,
"西和田","にしわだ","クシニシ",,,,,
"昆布盛","こんぶもり","クシコン",,,,,
"落石","おちいし","クシオシ",,,,,
"別当賀","べっとが","クシトカ",,,,,
"初田牛","はったうし","クシウシ",,,,,
"厚床","あっとこ","クシアト",,,,,
"姉別","あねべつ","クシアネ",,,,,
"浜中","はまなか","クシハナ",,,,,
"茶内","ちゃない","クシチナ",,,,,
"糸魚沢","いといざわ","クシイト",,,,,
"厚岸","あっけし","クシアケ",,,,,
"門静","もんしず","クシモン",,,,,
"尾幌","おぼろ","クシオホ",,,,,
"上尾幌","かみおぼろ","クシカホ",,,,,
"別保","べっぽ","クシヘホ",,,,,
"武佐","むさ","クシムサ",,,,,
"東釧路","ひがしくしろ","クシヒク",,,,,
"釧路","くしろ","クシクシ",,,,,
"（根）新富士","しんふじ","クシシフ",,,,,
"新大楽毛","しんおたのしけ","クシシオ",,,,,
"大楽毛","おたのしけ","クシシケ",,,,,
"庶路","しょろ","クシヨロ",,,,,
"西庶路","にししょろ","クシニロ",,,,,
"白糠","しらぬか","クシヌカ",,,,,
"古瀬","ふるせ","クシフセ",,,,,
"音別","おんべつ","クシオン",,,,,
"尺別","しゃくべつ","クシヤク",,,,,
"直別","ちょくべつ","クシチク",,,,,
"厚内","あつない","クシアツ",,,,,
"上厚内","かみあつない","クシカア",,,,,
"浦幌","うらほろ","クシウラ",,,,,
"新吉野","しんよしの","クシシヨ",,,,,
"豊頃","とよころ","クシヨコ",,,,,
"十弗","とおふつ","クシトフ",,,,,
"池田","いけだ","クシイケ",,,,,
"利別","としべつ","クシトシ",,,,,
"幕別","まくべつ","クシマク",,,,,
"稲士別","いなしべつ","クシナツ",,,,,
"札内","さつない","クシサナ",,,,,
"帯広","おびひろ","クシオロ",,,,,
"柏林台","はくりんだい","クシリン",,,,,
"西帯広","にしおびひろ","クシニヒ",,,,,
"大成","たいせい","クシタセ",,,,,
"芽室","めむろ","クシメム",,,,,
"御影","みかげ","クシミケ",,,,,
"羽帯","はおび","クシオヒ",,,,,
"十勝清水","とかちしみず","クシミス",,,,,
"新得","しんとく","クシトク",,,,,
"落合","おちあい","クシオチ",,,,,
"幾寅","いくとら","クシトラ",,,,,
"東鹿越","ひがししかごえ","クシヒコ",,,,,
"（根）金山","かなやま","クシカナ",,,,,
"下金山","しもかなやま","クシシモ",,,,,
"山部","やまべ","クシヤマ",,,,,
"布部","ぬのべ","クシヌノ",,,,,
"富良野","ふらの","サツラノ",,,,,
"島ノ下","しまのした","サツマシ",,,,,
"野花南","のかなん","サツノナ",,,,,
"上芦別","かみあしべつ","サツミヘ",,,,,
"芦別","あしべつ","サツアシ",,,,,
"平岸","ひらぎし","サツヒキ",,,,,
"茂尻","もしり","サツモシ",,,,,
"赤平","あかびら","サツアラ",,,,,
"東滝川","ひがしたきがわ","サツヒワ",,,,,
"八軒","はちけん","サツハケ",,1,,,"札沼"
"新川","しんかわ","サツニイ",,1,,,
"新琴似","しんことに","サツコニ",,1,,,
"太平","たいへい","サツタヘ",,1,,,
"百合が原","ゆりがはら","サツユリ",,1,,,
"篠路","しのろ","サツノロ",,1,,,
"拓北","たくほく","サツタク",,1,,,
"あいの里教育大","あいのさときょういくだい","サツアノ",,1,,,
"あいの里公園","あいのさとこうえん","サツアコ",,1,,,
"石狩太美","いしかりふとみ","サツリミ",,,,,
"石狩当別","いしかりとうべつ","サツタウ",,,,,
"北海道医療大学","ほっかいどういりょうだいがく","サツイリ",,,,,
"石狩金沢","いしかりかなざわ","サツリカ",,,,,
"本中小屋","もとなかごや","サツモナ",,,,,
"中小屋","なかごや","サツナヤ",,,,,
"月ヶ岡","つきがおか","サツツオ",,,,,
"知来乙","ちらいおつ","サツオツ",,,,,
"石狩月形","いしかりつきがた","サツツキ",,,,,
"豊ヶ岡","とよがおか","サツトヨ",,,,,
"札比内","さっぴない","サツサヒ",,,,,
"晩生内","おそきない","サツオソ",,,,,
"札的","さってき","サツサテ",,,,,
"浦臼","うらうす","サツラス",,,,,
"鶴沼","つるぬま","サツツル",,,,,
"於札内","おさつない","サツサナ",,,,,
"南下徳富","みなみしもとっぷ","サツミフ",,,,,
"下徳富","しもとっぷ","サツモツ",,,,,
"中徳富","なかとっぷ","サツナフ",,,,,
"新十津川","しんとつかわ","サツシワ",,,,,
"南永山","みなみながやま","アサミヤ",,,,,"石北"
"東旭川","ひがしあさひかわ","アサヒア",,,,,
"北日ノ出","きたひので","アサキノ",,,,,
"桜岡","さくらおか","アササオ",,,,,
"当麻","とうま","アサトウ",,,,,
"将軍山","しょうぐんざん","アサクン",,,,,
"伊香牛","いかうし","アサイカ",,,,,
"愛別","あいべつ","アサイヘ",,,,,
"中愛別","なかあいべつ","アサナア",,,,,
"愛山","あいざん","アサイサ",,,,,
"安足間","あんたろま","アサアマ",,,,,
"東雲","とううん","アサウウ",,,,,
"上川","かみかわ","アサミワ",,,,,
"上白滝","かみしらたき","アサカラ",,,,,
"白滝","しらたき","アサラキ",,,,,
"旧白滝","きゅうしらたき","アサラタ",,,,,
"下白滝","しもしらたき","アサモキ",,,,,
"丸瀬布","まるせっぷ","アサマセ",,,,,
"瀬戸瀬","せとせ","アサセセ",,,,,
"新栄野","しんさかえの","アササエ",,,,,
"遠軽","えんがる","アサエン",,,,,
"安国","やすくに","アサヤニ",,,,,
"（石）生野","いくの","アサイク",,,,,
"生田原","いくたはら","アサイハ",,,,,
"金華","かねはな","アサカネ",,,,,
"西留辺蘂","にしるべしべ","アサニル",,,,,
"留辺蘂","るべしべ","アサルヘ",,,,,
"相内","あいのない","アサアイ",,,,,
"東相内","ひがしあいのない","アサヒノ",,,,,
"西北見","にしきたみ","アサタミ",,,,,
"北見","きたみ","アサキミ",,,,,
"柏陽","はくよう","アサハヨ",,,,,
"愛し野","いとしの","アサノノ",,,,,
"端野","たんの","アサタノ",,,,,
"緋牛内","ひうしない","アサヒウ",,,,,
"美幌","びほろ","アサヒロ",,,,,
"西女満別","にしめまんべつ","アサニメ",,,,,
"女満別","めまんべつ","アサメマ",,,,,
"呼人","よびと","アサヨヒ",,,,,
"網走","あばしり","アサアハ",,,,,
"桂台","かつらだい","アサツタ",,,,,"釧網"
"鱒浦","ますうら","クシマス",,,,,
"藻琴","もこと","クシモコ",,,,,
"北浜","きたはま","クシキマ",,,,,
"原生花園","げんせいかえん","クシケセ",,,,,
"浜小清水","はまこしみず","クシマコ",,,,,
"止別","やむべつ","クシヤツ",,,,,
"知床斜里","しれとこしゃり","クシシヤ",,,,,
"中斜里","なかしゃり","クシナリ",,,,,
"南斜里","みなみしゃり","クシヤリ",,,,,
"清里町","きよさとちょう","クシキサ",,,,,
"札弦","さっつる","クシツル",,,,,
"緑","みどり","クシミリ",,,,,
"川湯温泉","かわゆおんせん","クシハユ",,,,,
"美留和","びるわ","クシルワ",,,,,
"摩周","ましゅう","クシマユ",,,,,
"南弟子屈","みなみてしかが","クシミテ",,,,,
"磯分内","いそぶんない","クシイフ",,,,,
"標茶","しべちゃ","クシシチ",,,,,
"五十石","ごじっこく","クシコク",,,,,
"茅沼","かやぬま","クシカス",,,,,
"塘路","とうろ","クシトロ",,,,,
"細岡","ほそおか","クシホオ",,,,,
"釧路湿原","くしろしつげん","クシシツ",,,,,
"遠矢","とおや","クシトヤ",,,,,
"旭浜","あさひはま","セカサハ",,,,,"室蘭"
"静狩","しずかり","セカシツ",,,,,
"小幌","こぼろ","セカコホ",,,,,
"礼文","れぶん","セカレン",,,,,
"大岸","おおきし","サツキシ",,,,,
"豊浦","とようら","サツヨラ",,,,,
"洞爺","とうや","サツトオ",,,,,
"有珠","うす","サツウス",,,,,
"長和","ながわ","サツワナ",,,,,
"伊達紋別","だてもんべつ","サツタテ",,,,,
"北舟岡","きたふなおか","サツキク",,,,,
"稀府","まれっぷ","サツマレ",,,,,
"黄金","こがね","サツコネ",,,,,
"崎守","さきもり","サツサキ",,,,,
"本輪西","もとわにし","サツモワ",,,,,
"室蘭","むろらん","サツムロ",,,,,"室蘭2"
"母恋","ぼこい","サツホコ",,,,,
"御崎","みさき","サツミサ",,,,,
"輪西","わにし","サツワニ",,,,,
"東室蘭","ひがしむろらん","サツヒム",,,,,
"鷲別","わしべつ","サツワヘ",,,,,"室蘭"
"幌別","ほろべつ","サツヘツ",,,,,
"（室）富浦","とみうら","サツトウ",,,,,
"登別","のぼりべつ","サツノホ",,,,,
"虎杖浜","こじょうはま","サツコヨ",,,,,
"竹浦","たけうら","サツタケ",,,,,
"北吉原","きたよしはら","サツキラ",,,,,
"萩野","はぎの","サツハノ",,,,,
"白老","しらおい","サツシラ",,,,,
"社台","しゃだい","サツシタ",,,,,
"錦岡","にしきおか","サツニオ",,,,,
"糸井","いとい","サツイイ",,,,,
"青葉","あおば","サツオハ",,,,,
"苫小牧","とまこまい","サツトマ",,,,,
"沼ノ端","ぬまのはた","サツハタ",,,,,
"遠浅","とあさ","サツトサ",,,,,
"早来","はやきた","サツハヤ",,,,,
"安平","あびら","サツヒラ",,,,,
"（室）追分","おいわけ","サツオイ",,,,,
"（室）三川","みかわ","サツミカ",,,,,
"古山","ふるさん","サツフサ",,,,,
"由仁","ゆに","サツユニ",,,,,
"栗山","くりやま","サツクリ",,,,,
"栗丘","くりおか","サツクオ",,,,,
"栗沢","くりさわ","サツクワ",,,,,
"志文","しぶん","サツフン",,,,,
"植苗","うえなえ","サツウナ",,,,,"千歳"
"美々","びび","サツヒヒ",,,,,
"新千歳空港","しんちとせくうこう","サツシセ",,,,,"千歳2"
"南千歳","みなみちとせ","サツミセ",,,,,"千歳"
"（千）千歳","ちとせ","サツチセ",,,,,
"長都","おさつ","サツオサ",,,,,
"サッポロビール庭園","さっぽろびーるていえん","サツサホ",,,,,
"恵庭","えにわ","サツエニ",,,,,
"恵み野","めぐみの","サツメク",,,,,
"島松","しままつ","サツママ",,,,,
"北広島","きたひろしま","サツキヒ",,,,,
"上野幌","かみのっぽろ","サツミノ",,1,,,
"新札幌","しんさっぽろ","サツシサ",,1,,,
"平和","へいわ","サツヘワ",,1,,,
"東追分","ひがしおいわけ","サツワケ",,,,,"石勝"
"川端","かわばた","サツカワ",,,,,
"滝ノ上","たきのうえ","サツウエ",,,,,
"十三里","とみさと","サツトト",,,,,
"新夕張","しんゆうばり","サツシユ",,,,,
"沼ノ沢","ぬまのさわ","サツヌサ",,,,,"石勝2"
"南清水沢","みなみしみずさわ","サツミミ",,,,,
"清水沢","しみずさわ","サツシミ",,,,,
"鹿ノ谷","しかのたに","サツタニ",,,,,
"夕張","ゆうばり","サツユウ",,,,,
"占冠","しむかっぷ","サツシム",,,,,"石勝"
"トマム","とまむ","サツトム",,,,,
"勇払","ゆうふつ","サツユフ",,,,,"日高"
"浜厚真","はまあつま","サツハマ",,,,,
"浜田浦","はまたうら","サツウラ",,,,,
"鵡川","むかわ","サツムカ",,,,,
"汐見","しおみ","サツオミ",,,,,
"富川","とみかわ","サツミハ",,,,,
"日高門別","ひだかもんべつ","サツタモ",,,,,
"豊郷","とよさと","サツヨサ",,,,,
"清畠","きよはた","サツヨハ",,,,,
"厚賀","あつが","サツツカ",,,,,
"大狩部","おおかりべ","サツオヘ",,,,,
"節婦","せっぷ","サツセフ",,,,,
"新冠","にいかっぷ","サツニフ",,,,,
"静内","しずない","サツシナ",,,,,
"東静内","ひがししずない","サツヒナ",,,,,
"春立","はるたち","サツハル",,,,,
"日高東別","ひだかとうべつ","サツヒト",,,,,
"日高三石","ひだかみついし","サツヒツ",,,,,
"蓬栄","ほうえい","サツホウ",,,,,
"本桐","ほんきり","サツキリ",,,,,
"荻伏","おぎふし","サツオキ",,,,,
"絵笛","えふえ","サツフエ",,,,,
"浦河","うらかわ","サツウカ",,,,,
"東町","ひがしちょう","サツヒチ",,,,,
"日高幌別","ひだかほろべつ","サツヒヘ",,,,,
"鵜苫","うとま","サツウト",,,,,
"西様似","にしさまに","サツニサ",,,,,
"様似","さまに","サツマニ",,,,,
"北一已","きたいちやん","アサキイ",,,,,"留萌"
"秩父別","ちっぷべつ","アサチツ",,,,,
"北秩父別","きたちっぷべつ","アサキヘ",,,,,
"石狩沼田","いしかりぬまた","アサヌタ",,,,,
"真布","まっぷ","アサマフ",,,,,
"恵比島","えびしま","アサエヒ",,,,,
"峠下","とうげした","アサトタ",,,,,
"東幌糠","ひがしほろぬか","アサヒホ",,,,,
"幌糠","ほろぬか","アサホヌ",,,,,
"藤山","ふじやま","アサフヤ",,,,,
"大和田","おおわだ","アサワタ",,,,,
"留萌","るもい","アサルモ",,,,,
"瀬越","せごし","アサコセ",,,,,
"礼受","れうけ","アサレウ",,,,,
"阿分","あふん","アサアフ",,,,,
"信砂","のぶしゃ","アサノフ",,,,,
"舎熊","しゃぐま","アサクマ",,,,,
"朱文別","しゅもんべつ","アサユモ",,,,,
"箸別","はしべつ","アサハヘ",,,,,
"増毛","ましけ","アサマケ",,,,,
,,,,,,,
"青森","あおもり","モリアホ",,,,,"青い森"
"野辺地","のへじ","モリノチ",,,,,
"八戸","はちのへ","モリハヘ",,,,,
"目時","めとき","アオメキ",,,,,"IGR"
"神田","かんだ","トミカタ","東京",3,4,"山手","東北"
"秋葉原","あきはばら","トキアキ","東京",3,4,"山手",
"御徒町","おかちまち","トキオチ","東京",3,4,"山手",
"上野","うえの","トキウエ","東京",3,4,"山手",
"鶯谷","うぐいすだに","トキウス","東京",3,4,"山手",
"日暮里","にっぽり","トキニツ","東京",3,4,"山手",
"西日暮里","にしにっぽり","トキニリ","東京",3,4,"山手",
"田端","たばた","トキハタ","東京",3,4,"山手",
"上中里","かみなかざと","トキミサ","東京",3,,"東京",
"王子","おうじ","トキワウ","東京",3,,"東京",
"東十条","ひがしじゅうじょう","トキヒセ","東京",3,,"東京",
"赤羽","あかばね","トキアネ","東京",3,,"東京",
"川口","かわぐち","トキカチ","東京",,,"東京",
"西川口","にしかわぐち","トキニチ","東京",,,"東京",
"蕨","わらび","トキラヒ","東京",,,"東京",
"南浦和","みなみうらわ","トキミウ","東京",,,"東京",
"浦和","うらわ","トキウラ","東京",,,"東京",
"北浦和","きたうらわ","トキラワ","東京",,,"東京",
"与野","よの","トキヨノ","東京",,,"東京",
"さいたま新都心","さいたましんとしん","トキサタ","東京",,,"東京",
"大宮","おおみや","トキオオ","東京",,,"東京",
"土呂","とろ","トキトロ","東京",,,,
"東大宮","ひがしおおみや","トキヒオ","東京",,,,
"蓮田","はすだ","トキハス","東京",,,,
"白岡","しらおか","トキラオ","東京",,,,
"新白岡","しんしらおか","トキシラ","東京",,,,
"久喜","くき","トキクキ","東京",,,,
"東鷲宮","ひがしわしのみや","トキワミ","東京",,,,
"栗橋","くりはし","トキクリ","東京",,,,
"古河","こが","トキコカ","東京",,,,
"野木","のぎ","トキノキ","東京",,,,
"間々田","ままだ","トキママ","東京",,,,
"小山","おやま","トキヤマ","東京",,,,
"小金井","こがねい","トキネイ","東京",,,,
"自治医大","じちいだい","トキチイ","東京",,,,
"石橋","いしばし","トキシハ","東京",,,,
"雀宮","すずめのみや","トキスメ","東京",,,,
"宇都宮","うつのみや","トキミヤ","東京",,,,
"岡本","おかもと","トキオカ","東京",,,,
"宝積寺","ほうしゃくじ","トキホヤ","東京",,,,
"氏家","うじいえ","トキイエ","東京",,,,
"蒲須坂","かますさか","トキカス","東京",,,,
"片岡","かたおか","トキカオ","東京",,,,
"矢板","やいた","トキヤイ","東京",,,,
"（北）野崎","のざき","トキノサ","東京",,,,
"西那須野","にしなすの","トキナス","東京",,,,
"那須塩原","なすしおばら","トキナシ","東京",,,,
"黒磯","くろいそ","トキクロ","東京",,,,
"高久","たかく","トキタク",,,,,
"黒田原","くろだはら","トキロハ",,,,,
"豊原","とよはら","トキトヨ",,,,,
"白坂","しらさか","トキラサ",,,,,
"新白河","しんしらかわ","トキシワ",,,,,
"白河","しらかわ","トキラカ",,,,,
"久田野","くたの","センクノ",,,,,
"泉崎","いずみざき","センミキ",,,,,
"矢吹","やぶき","センヤフ",,,,,
"鏡石","かがみいし","センカミ",,,,,
"須賀川","すかがわ","センカハ",,,,,
"安積永盛","あさかながもり","センサナ",,,,,
"（北）郡山","こおりやま","センコリ",,,,,
"日和田","ひわだ","センヒワ",,,,,
"五百川","ごひゃくがわ","センコワ",,,,,
"本宮","もとみや","センモヤ",,,,,
"杉田","すぎた","センスキ",,,,,
"二本松","にほんまつ","センニマ",,,,,
"安達","あだち","センタチ",,,,,
"松川","まつかわ","センマワ",,,,,
"金谷川","かなやがわ","センカヤ",,,,,
"南福島","みなみふくしま","センミフ",,,,,
"（北）福島","ふくしま","センフク",,,,,
"東福島","ひがしふくしま","センヒフ",,,,,
"伊達","だて","センタテ",,,,,
"桑折","こおり","センクワ",,,,,
"藤田","ふじた","センフシ",,,,,
"貝田","かいだ","センヒタ",,,,,
"越河","こすごう","センコス",,,,,
"（北）白石","しろいし","センシロ",,,,,
"東白石","ひがししろいし","センヒシ",,,,,
"北白川","きたしらかわ","センキシ",,,,,
"（北）大河原","おおがわら","センオカ",,,,,
"（北）船岡","ふなおか","センナオ",,,,,
"槻木","つきのき","センツキ",,,,,
"岩沼","いわぬま","センイワ",,,,,
"館腰","たてこし","センテシ",,,,,
"名取","なとり","センナリ",,,,,
"南仙台","みなみせんだい","センナセ",,2,,,
"長町","ながまち","センナチ",,2,,,
"仙台","せんだい","センセン",,2,,,
"東仙台","ひがしせんだい","センヒセ",,2,,,
"岩切","いわきり","センワキ",,2,,,
"陸前山王","りくぜんさんのう","センリサ",,,,,
"国府多賀城","こくふたがじょう","センコク",,,,,
"塩釜","しおがま","センシホ",,,,,
"松島","まつしま","センマシ",,,,,
"愛宕","あたご","センアタ",,,,,
"品井沼","しないぬま","センシナ",,,,,
"鹿島台","かしまだい","センカイ",,,,,
"松山町","まつやままち","センマヤ",,,,,
"小牛田","こごた","センココ",,,,,
"田尻","たじり","センタシ",,,,,
"瀬峰","せみね","センセネ",,,,,
"梅ヶ沢","うめがさわ","センウメ",,,,,
"（北）新田","にった","センニタ",,,,,
"石越","いしこし","センコシ",,,,,
"油島","ゆしま","モリユシ",,,,,
"花泉","はないずみ","モリハナ",,,,,
"清水原","しみずはら","モリツラ",,,,,
"有壁","ありかべ","モリカヘ",,,,,
"一ノ関","いちのせき","モリイチ",,,,,
"山ノ目","やまのめ","モリヤノ",,,,,
"平泉","ひらいずみ","モリライ",,,,,
"前沢","まえさわ","モリマサ",,,,,
"陸中折居","りくちゅうおりい","モリリイ",,,,,
"水沢","みずさわ","モリミツ",,,,,
"金ヶ崎","かねがさき","モリネサ",,,,,
"六原","ろくはら","モリロク",,,,,
"北上","きたかみ","モリカミ",,,,,
"村崎野","むらさきの","モリムノ",,,,,
"花巻","はなまき","モリハキ",,,,,
"花巻空港","はなまきくうこう","モリハク",,,,,
"石鳥谷","いしどりや","モリイリ",,,,,
"日詰","ひづめ","モリツメ",,,,,
"紫波中央","しわちゅうおう","モリシワ",,,,,
"古館","ふるだて","モリルタ",,,,,
"矢幅","やはば","モリヤハ",,,,,
"岩手飯岡","いわていいおか","モリイイ",,,,,
"仙北町","せんぼくちょう","モリセホ",,,,,
"盛岡","もりおか","モリモリ",,,,,
"尾久","おく","トキオク","東京",3,,"東京","東北2"
"新利府","しんりふ","センシリ",,,,,"東北3"
"利府","りふ","センリフ",,,,,
"笹木野","ささきの","センササ",,,,,"奥羽"
"庭坂","にわさか","センニワ",,,,,
"赤岩","あかいわ","センアイ",,,,,
"板谷","いたや","センイタ",,,,,
"峠","とうげ","センウケ",,,,,
"（奥）大沢","おおさわ","センホサ",,,,,
"関根","せきね","センキネ",,,,,
"米沢","よねざわ","アキヨネ",,,,,
"置賜","おいたま","アキタマ",,,,,
"高畠","たかはた","アキタハ",,,,,
"赤湯","あかゆ","アキアユ",,,,,
"中川","なかがわ","アキナワ",,,,,
"羽前中山","うぜんなかやま","アキナヤ",,,,,
"かみのやま温泉","かみのやまおんせん","アキノヤ",,,,,
"茂吉記念館前","もきちきねんかんまえ","アキモキ",,,,,
"蔵王","ざおう","アキサオ",,,,,
"山形","やまがた","アキカタ",,,,,
"北山形","きたやまがた","アキヤカ",,,,,
"羽前千歳","うぜんちとせ","アキウト",,,,,
"南出羽","みなみでわ","アキミテ",,,,,
"漆山","うるしやま","アキウル",,,,,
"高擶","たかたま","アキタタ",,,,,
"天童","てんどう","アキテン",,,,,
"乱川","みだれがわ","アキミレ",,,,,
"神町","じんまち","アキシチ",,,,,
"さくらんぼ東根","さくらんぼひがしね","アキラホ",,,,,
"東根","ひがしね","アキヒネ",,,,,
"村山","むらやま","アキムラ",,,,,
"袖崎","そでさき","アキソサ",,,,,
"大石田","おおいしだ","アキオイ",,,,,
"北大石田","きたおおいしだ","アキキタ",,,,,
"芦沢","あしさわ","アキアハ",,,,,
"舟形","ふながた","アキフネ",,,,,
"新庄","しんじょう","アキシウ",,,,,
"泉田","いずみた","アキイタ",,,,,
"羽前豊里","うぜんとよさと","アキサト",,,,,
"真室川","まむろがわ","アキマム",,,,,
"釜淵","かまぶち","アキカフ",,,,,
"大滝","おおたき","アキオオ",,,,,
"及位","のぞき","アキノソ",,,,,
"院内","いんない","アキイン",,,,,
"横堀","よこぼり","アキヨホ",,,,,
"三関","みつせき","アキミセ",,,,,
"上湯沢","かみゆざわ","アキカサ",,,,,
"湯沢","ゆざわ","アキユワ",,,,,
"下湯沢","しもゆざわ","アキシサ",,,,,
"十文字","じゅうもんじ","アキシモ",,,,,
"醍醐","だいご","アキタコ",,,,,
"柳田","やなぎた","アキヤナ",,,,,
"横手","よこて","アキヨテ",,,,,
"後三年","ごさんねん","アキネン",,,,,
"飯詰","いいづめ","アキイメ",,,,,
"大曲","おおまがり","アキマリ",,,,,
"神宮寺","じんぐうじ","アキクウ",,,,,
"刈和野","かりわの","アキカノ",,,,,
"峰吉川","みねよしがわ","アキミシ",,,,,
"羽後境","うごさかい","アキウヒ",,,,,
"大張野","おおばりの","アキオハ",,,,,
"和田","わだ","アキワタ",,,,,
"四ツ小屋","よつごや","アキヨヤ",,,,,
"秋田","あきた","アキアキ",,,,,
"土崎","つちざき","アキツサ",,,,,
"上飯島","かみいいじま","アキカイ",,,,,
"（奥）追分","おいわけ","アキオヒ",,,,,
"（奥）大久保","おおくぼ","アキオホ",,,,,
"羽後飯塚","うごいいづか","アキウイ",,,,,
"井川さくら","いかわさくら","アキイサ",,,,,
"八郎潟","はちろうがた","アキハロ",,,,,
"鯉川","こいかわ","アキコヒ",,,,,
"鹿渡","かど","アキカト",,,,,
"森岳","もりたけ","アキモケ",,,,,
"北金岡","きたかなおか","アキカオ",,,,,
"東能代","ひがしのしろ","アキヒノ",,,,,
"鶴形","つるがた","アキツカ",,,,,
"富根","とみね","アキミネ",,,,,
"二ツ井","ふたつい","アキフイ",,,,,
"前山","まえやま","アキマヘ",,,,,
"鷹ノ巣","たかのす","アキタス",,,,,
"糠沢","ぬかざわ","アキヌサ",,,,,
"早口","はやぐち","アキハヤ",,,,,
"下川沿","しもかわぞい","アキシカ",,,,,
"大館","おおだて","アキオテ",,,,,
"（奥）白沢","しらさわ","アキシラ",,,,,
"陣場","じんば","アキチン",,,,,
"津軽湯の沢","つがるゆのさわ","アキツユ",,,,,
"碇ヶ関","いかりがせき","アキイセ",,,,,
"長峰","ながみね","アキナカ",,,,,
"大鰐温泉","おおわにおんせん","アキワニ",,,,,
"石川","いしかわ","アキイシ",,,,,
"弘前","ひろさき","アキヒロ",,,,,
"撫牛子","ないじょうし","アキナヨ",,,,,
"川部","かわべ","アキカワ",,,,,
"北常盤","きたときわ","アキトワ",,,,,
"浪岡","なみおか","アキナミ",,,,,
"大釈迦","だいしゃか","アキシヤ",,,,,
"鶴ヶ坂","つるがさか","アキルカ",,,,,
"津軽新城","つがるしんじょう","アキツセ",,,,,
"新青森","しんあおもり","アキシア",,,,,
"羽後牛島","うごうしじま","アキウシ",,,,,"羽越"
"新屋","あらや","アキアラ",,,,,
"桂根","かつらね","アキカツ",,,,,
"下浜","しもはま","アキシハ",,,,,
"道川","みちかわ","アキミカ",,,,,
"岩城みなと","いわきみなと","アキイト",,,,,
"羽後亀田","うごかめだ","アキカメ",,,,,
"折渡","おりわたり","アキオリ",,,,,
"羽後岩谷","うごいわや","アキワヤ",,,,,
"羽後本荘","うごほんじょう","アキホン",,,,,
"西目","にしめ","アキニメ",,,,,
"仁賀保","にかほ","アキニホ",,,,,
"金浦","このうら","アキコノ",,,,,
"象潟","きさかた","アキキサ",,,,,
"上浜","かみはま","アキカミ",,,,,
"小砂川","こさがわ","アキスナ",,,,,
"女鹿","めが","アキメカ",,,,,
"吹浦","ふくら","アキフラ",,,,,
"遊佐","ゆざ","アキユサ",,,,,
"南鳥海","みなみちょうかい","アキミナ",,,,,
"本楯","もとたて","アキモタ",,,,,
"酒田","さかた","ニイサカ",,,,,
"東酒田","ひがしさかた","ニイヒサ",,,,,
"砂越","さごし","ニイサコ",,,,,
"北余目","きたあまるめ","ニイキメ",,,,,
"余目","あまるめ","ニイアメ",,,,,
"西袋","にしぶくろ","ニイニロ",,,,,
"藤島","ふじしま","ニイチマ",,,,,
"鶴岡","つるおか","ニイツル",,,,,
"羽前大山","うぜんおおやま","ニイオヤ",,,,,
"羽前水沢","うぜんみずさわ","ニイウミ",,,,,
"三瀬","さんぜ","ニイサン",,,,,
"小波渡","こばと","ニイコハ",,,,,
"五十川","いらがわ","ニイラカ",,,,,
"あつみ温泉","あつみおんせん","ニイアミ",,,,,
"小岩川","こいわがわ","ニイコイ",,,,,
"鼠ヶ関","ねずがせき","ニイネキ",,,,,
"府屋","ふや","ニイフヤ",,,,,
"勝木","がつぎ","ニイカツ",,,,,
"越後寒川","えちごかんがわ","ニイカワ",,,,,
"今川","いまがわ","ニイマカ",,,,,
"桑川","くわがわ","ニイクカ",,,,,
"越後早川","えちごはやかわ","ニイハカ",,,,,
"間島","まじま","ニイママ",,,,,
"村上","むらかみ","ニイムミ",,,,,
"岩船町","いわふねまち","ニイイネ",,,,,
"平林","ひらばやし","ニイヒハ",,,,,
"坂町","さかまち","ニイサチ",,,,,
"平木田","ひらきだ","ニイヒキ",,,,,
"中条","なかじょう","ニイナヨ",,,,,
"金塚","かなづか","ニイカナ",,,,,
"加治","かじ","ニイカチ",,,,,
"新発田","しばた","ニイシタ","新潟",,,,
"中浦","なかうら","ニイナウ","新潟",,,,
"月岡","つきおか","ニイツキ","新潟",,,,
"神山","かみやま","ニイミヤ","新潟",,,,
"水原","すいばら","ニイスイ","新潟",,,,
"京ヶ瀬","きょうがせ","ニイキケ","新潟",,,,
"宮原","みやはら","タカミラ","東京",,,,"高崎"
"上尾","あげお","タカアケ","東京",,,,
"北上尾","きたあげお","タカキケ","東京",,,,
"桶川","おけがわ","タカオケ","東京",,,,
"北本","きたもと","タカキモ","東京",,,,
"鴻巣","こうのす","タカノス","東京",,,,
"北鴻巣","きたこうのす","タカキコ","東京",,,,
"吹上","ふきあげ","タカフキ","東京",,,,
"行田","ぎょうだ","タカキヨ","東京",,,,
"熊谷","くまがや","タカクマ","東京",,,,
"籠原","かごはら","タカコラ","東京",,,,
"深谷","ふかや","タカフカ","東京",,,,
"岡部","おかべ","タカカヘ","東京",,,,
"本庄","ほんじょう","タカホン","東京",,,,
"神保原","じんぼはら","タカホラ","東京",,,,
"新町","しんまち","タカマチ","東京",,,,
"倉賀野","くらがの","タカラノ","東京",,,,
"高崎","たかさき","タカタカ","東京",,,,
"高崎問屋町","たかさきとんやまち","タカタト","東京",,,,"上越"
"井野","いの","タカイノ","東京",,,,
"新前橋","しんまえばし","タカシマ","東京",,,,
"群馬総社","ぐんまそうじゃ","タカソヤ","東京",,,,
"八木原","やぎはら","タカヤハ","東京",,,,
"渋川","しぶかわ","タカシカ","東京",,,,
"敷島","しきしま","タカキマ","東京",,,,
"津久田","つくだ","タカツク","東京",,,,
"岩本","いわもと","タカイモ","東京",,,,
"沼田","ぬまた","タカヌタ","東京",,,,
"後閑","ごかん","タカコン","東京",,,,
"上牧","かみもく","タカミク","東京",,,,
"水上","みなかみ","タカカミ","東京",,,,
"湯檜曽","ゆびそ","ニイユヒ",,,,,
"土合","どあい","ニイトイ",,,,,
"土樽","つちたる","ニイタル",,,,,
"越後中里","えちごなかざと","ニイサト",,,,,
"岩原スキー場前","いわっぱらすきーじょうまえ","ニイスキ",,,,,
"越後湯沢","えちごゆざわ","ニイユワ",,,,,
"石打","いしうち","ニイウチ",,,,,
"（上）大沢","おおさわ","ニイオワ",,,,,
"上越国際スキー場前","じょうえつこくさいすきーじょうまえ","ニイコサ",,,,,
"塩沢","しおざわ","ニイシオ",,,,,
"六日町","むいかまち","ニイムマ",,,,,
"五日町","いつかまち","ニイイマ",,,,,
"浦佐","うらさ","ニイウラ",,,,,
"八色","やいろ","ニイヤイ",,,,,
"小出","こいで","ニイコテ",,,,,
"越後堀之内","えちごほりのうち","ニイホリ",,,,,
"北堀之内","きたほりのうち","ニイキホ",,,,,
"越後川口","えちごかわぐち","ニイエカ",,,,,
"小千谷","おぢや","ニイチヤ",,,,,
"越後滝谷","えちごたきや","ニイキヤ",,,,,
"北高崎","きたたかさき","タカタサ","東京",,,,"信越2"
"群馬八幡","ぐんまやわた","タカクヤ","東京",,,,
"安中","あんなか","タカアン","東京",,,,
"磯部","いそべ","タカソヘ","東京",,,,
"松井田","まついだ","タカマイ","東京",,,,
"西松井田","にしまついだ","タカニマ","東京",,,,
"（信）横川","よこかわ","タカヨコ","東京",,,,
"篠ノ井","しののい","ナノシノ",,,,,"信越1"
"今井","いまい","ナノマイ",,,,,
"川中島","かわなかじま","ナノワナ",,,,,
"安茂里","あもり","ナノアモ",,,,,
"長野","ながの","ナノナノ",,,,,
"北長野","きたながの","ナノキノ",,,,,
"三才","さんさい","ナノササ",,,,,
"豊野","とよの","ナノトノ",,,,,
"牟礼","むれ","ナノムレ",,,,,
"古間","ふるま","ナノルマ",,,,,
"黒姫","くろひめ","ナノヒメ",,,,,
"妙高高原","みょうこうこうげん","ニイミコ",,,,,
"関山","せきやま","ニイセキ",,,,,
"二本木","にほんぎ","ニイニホ",,,,,
"（信）新井","あらい","ニイライ",,,,,
"北新井","きたあらい","ニイキア",,,,,
"脇野田","わきのだ","ニイワノ",,,,,
"南高田","みなみたかだ","ニイミタ",,,,,
"（信）高田","たかだ","ニイタタ",,,,,
"春日山","かすがやま","ニイスヤ",,,,,
"直江津","なおえつ","ニイナホ",,,,,
"（信）黒井","くろい","ニイクイ",,,,,
"犀潟","さいがた","ニイサタ",,,,,
"土底浜","どそこはま","ニイソコ",,,,,
"潟町","かたまち","ニイカマ",,,,,
"上下浜","じょうげはま","ニイシケ",,,,,
"柿崎","かきざき","ニイカキ",,,,,
"米山","よねやま","ニイヨヤ",,,,,
"笠島","かさしま","ニイカシ",,,,,
"青海川","おうみがわ","ニイミワ",,,,,
"鯨波","くじらなみ","ニイクナ",,,,,
"柏崎","かしわざき","ニイカサ",,,,,
"茨目","いばらめ","ニイイメ",,,,,
"安田","やすだ","ニイヤス",,,,,
"北条","きたじょう","ニイキシ",,,,,
"越後広田","えちごひろた","ニイエヒ",,,,,
"長鳥","ながとり","ニイナト",,,,,
"塚山","つかやま","ニイツカ",,,,,
"越後岩塚","えちごいわつか","ニイエイ",,,,,
"来迎寺","らいこうじ","ニイラコ",,,,,
"前川","まえかわ","ニイマワ",,,,,
"宮内","みやうち","ニイミチ",,,,,
"長岡","ながおか","ニイナカ","新潟",,,,
"北長岡","きたながおか","ニイキナ","新潟",,,,
"押切","おしきり","ニイオシ","新潟",,,,
"見附","みつけ","ニイツケ","新潟",,,,
"帯織","おびおり","ニイヒオ","新潟",,,,
"東光寺","とうこうじ","ニイトコ","新潟",,,,
"三条","さんじょう","ニイサシ","新潟",,,,
"東三条","ひがしさんじょう","ニイヒシ","新潟",,,,
"保内","ほない","ニイホナ","新潟",,,,
"（信）加茂","かも","ニイカモ","新潟",,,,
"羽生田","はにゅうざ","ニイハニ","新潟",,,,
"田上","たがみ","ニイタミ","新潟",,,,
"矢代田","やしろだ","ニイヤタ","新潟",,,,
"古津","ふるつ","ニイフツ","新潟",,,,
"新津","にいつ","ニイニツ","新潟",,,,
"さつき野","さつきの","ニイサキ","新潟",,,,
"荻川","おぎかわ","ニイオキ","新潟",,,,
"亀田","かめだ","ニイメタ","新潟",,,,
"越後石山","えちごいしやま","ニイシヤ","新潟",,,,
"新潟","にいがた","ニイニイ","新潟",,,,
"逢隈","おおくま","センオオ",,,,,"常盤"
"亘理","わたり","ミトタリ",,,,,
"浜吉田","はまよしだ","ミトハヨ",,,,,
"山下","やました","ミトヤマ",,,,,
"坂元","さかもと","ミトサモ",,,,,
"新地","しんち","ミトシチ",,,,,
"駒ヶ嶺","こまがみね","ミトコマ",,,,,
"相馬","そうま","ミトソウ",,,,,
"日立木","にったき","ミトニキ",,,,,
"鹿島","かしま","ミトシマ",,,,,
"原ノ町","はらのまち","ミトノマ",,,,,
"磐城太田","いわきおおた","ミトキオ",,,,,
"小高","おだか","ミトオタ",,,,,
"桃内","ももうち","ミトモモ",,,,,
"浪江","なみえ","ミトナエ",,,,,
"双葉","ふたば","ミトフハ",,,,,
"大野","おおの","ミトノオ",,,,,
"夜ノ森","よのもり","ミトヨモ",,,,,
"富岡","とみおか","ミトトオ",,,,,
"竜田","たつた","ミトタツ",,,,,
"木戸","きど","ミトキト",,,,,
"（常）広野","ひろの","ミトロノ",,,,,
"末続","すえつぎ","ミトスツ",,,,,
"久ノ浜","ひさのはま","ミトヒサ",,,,,
"四ツ倉","よつくら","ミトヨツ",,,,,
"（常）草野","くさの","ミトクサ",,,,,
"いわき","いわき","ミトワキ","東京",,,,
"内郷","うちごう","ミトウコ","東京",,,,
"湯本","ゆもと","ミトユモ","東京",,,,
"泉","いずみ","ミトイミ","東京",,,,
"植田","うえだ","ミトウタ","東京",,,,
"勿来","なこそ","ミトコソ","東京",,,,
"大津港","おおつこう","ミトオコ","東京",,,,
"磯原","いそはら","ミトソラ","東京",,,,
"南中郷","みなみなかごう","ミトミウ","東京",,,,
"高萩","たかはぎ","ミトハキ","東京",,,,
"十王","じゅうおう","ミトワリ","東京",,,,
"小木津","おぎつ","ミトオキ","東京",,,,
"日立","ひたち","ミトヒチ","東京",,,,
"常陸多賀","ひたちたが","ミトタタ","東京",,,,
"大甕","おおみか","ミトオホ","東京",,,,
"東海","とうかい","ミトトカ","東京",,,,
"佐和","さわ","ミトサワ","東京",,,,
"勝田","かつた","ミトカツ","東京",,,,
"水戸","みと","ミトミト","東京",,,,
"偕楽園","かいらくえん","NULL","東京",,,,
"赤塚","あかつか","ミトアツ","東京",,,,
"内原","うちはら","ミトウハ","東京",,,,
"友部","ともべ","ミトトモ","東京",,,,
"岩間","いわま","ミトワマ","東京",,,,
"羽鳥","はとり","ミトハト","東京",,,,
"石岡","いしおか","ミトイシ","東京",,,,
"高浜","たかはま","ミトタマ","東京",,,,
"神立","かんだつ","ミトカン","東京",,,,
"土浦","つちうら","ミトツチ","東京",,,,
"荒川沖","あらかわおき","ミトアワ","東京",,,,
"ひたち野うしく","ひたちのうしく","ミトヒウ","東京",,,,
"牛久","うしく","ミトウク","東京",,,,
"佐貫","さぬき","ミトサヌ","東京",,,,
"藤代","ふじしろ","ミトフロ","東京",,,,
"取手","とりで","トキトテ","東京",,,"東京",
"天王台","てんのうだい","トキテノ","東京",,,"東京",
"我孫子","あびこ","トキアコ","東京",,,"東京",
"北柏","きたかしわ","トキキワ","東京",,,"東京",
"柏","かしわ","トキカシ","東京",,,"東京",
"南柏","みなみかしわ","トキミカ","東京",,,"東京",
"北小金","きたこがね","トキコネ","東京",,,"東京",
"新松戸","しんまつど","トキシト","東京",,,"東京",
"馬橋","まばし","トキマハ","東京",,,"東京",
"北松戸","きたまつど","トキキマ","東京",,,"東京",
"松戸","まつど","トキマト","東京",,,"東京",
"金町","かなまち","トキキン","東京",3,,"東京",
"亀有","かめあり","トキアリ","東京",3,,"東京",
"綾瀬","あやせ","トキヤセ","東京",3,,"東京",
"北千住","北千住","トキキセ","東京",3,,"東京",
"南千住","南千住","トキナン","東京",3,,"東京",
"三河島","みかわしま","トキミマ","東京",3,,"東京",
"西大井","にしおおい","トミニイ","東京",3,,"東京","東海道3"
"新川崎","しんかわさき","トミシキ","東京",,,"東京",
"油川","あぶらかわ","モリアフ",,,,,"津軽"
"津軽宮田","つがるみやた","モリツタ",,,,,
"奥内","おくない","モリオク",,,,,
"左堰","ひだりせき","モリヒセ",,,,,
"後潟","うしろがた","モリウロ",,,,,
"中沢","なかさわ","モリナサ",,,,,
"蓬田","よもぎた","モリヨモ",,,,,
"郷沢","ごうさわ","モリコサ",,,,,
"瀬辺地","せへじ","モリセヘ",,,,,
"蟹田","かにた","モリカタ",,,,,
"中小国","なかおぐに","モリナカ",,,,,
"大平","おおだい","モリオタ",,,,,
"津軽二股","つがるふたまた","モリフタ",,,,,
"大川平","おおかわだい","モリオカ",,,,,
"今別","いまべつ","モリイマ",,,,,
"津軽浜名","つがるはまな","モリツハ",,,,,
"三厩","みんまや","モリミマ",,,,,
"北野辺地","きたのへじ","モリキタ",,,,,"大湊"
"有戸","ありと","モリアト",,,,,
"吹越","ふっこし","モリフコ",,,,,
"陸奥横浜","むつよこはま","モリヨコ",,,,,
"有畑","ありはた","モリアリ",,,,,
"近川","ちかがわ","モリチカ",,,,,
"金谷沢","かなやさわ","モリカナ",,,,,
"赤川","あかがわ","モリアカ",,,,,
"下北","しもきた","モリシモ",,,,,
"大湊","おおみなと","モリオミ",,,,,
"長苗代","ながなわしろ","モリヤマ",,,,,"八戸"
"本八戸","ほんはちのへ","モリホハ",,,,,
"小中野","こなかの","モリコナ",,,,,
"陸奥湊","むつみなと","モリムト",,,,,
"白銀","しろがね","モリシカ",,,,,
"鮫","さめ","モリサメ",,,,,
"プレイピア白浜","ぷれいぴあしらはま","モリフレ",,,,,
"陸奥白浜","むつしらはま","モリムツ",,,,,
"種差海岸","たねさしかいがん","モリタサ",,,,,
"大久喜","おおくき","モリオキ",,,,,
"金浜","かねはま","モリカハ",,,,,
"大蛇","おおじゃ","モリオシ",,,,,
"階上","はしかみ","モリハミ",,,,,
"角の浜","かどのはま","モリカノ",,,,,
"平内","ひらない","モリヒラ",,,,,
"種市","たねいち","モリタネ",,,,,
"玉川","たまがわ","モリタマ",,,,,
"宿戸","しゅくのへ","モリシノ",,,,,
"陸中八木","りくちゅうやぎ","モリヤキ",,,,,
"有家","うげ","モリウケ",,,,,
"陸中中野","りくちゅうなかの","モリナノ",,,,,
"侍浜","さむらいはま","モリサム",,,,,
"陸中夏井","りくちゅうなつい","モリリツ",,,,,
"久慈","くじ","モリクシ",,,,,
"東大館","ひがしおおだて","モリヒテ",,,,,"花輪"
"扇田","おうぎた","モリオフ",,,,,
"大滝温泉","おおたきおんせん","モリオセ",,,,,
"十二所","じゅうにしょ","モリシウ",,,,,
"沢尻","さわじり","モリサリ",,,,,
"土深井","どぶかい","モリトカ",,,,,
"末広","すえひろ","モリスエ",,,,,
"十和田南","とわだみなみ","モリトタ",,,,,
"柴平","しばひら","モリシヒ",,,,,
"鹿角花輪","かづのはなわ","モリハワ",,,,,
"陸中大里","りくちゅうおおさと","モリリオ",,,,,
"八幡平","はちまんたい","モリハマ",,,,,
"湯瀬温泉","ゆぜおんせん","モリユセ",,,,,
"兄畑","あにはた","モリハタ",,,,,
"田山","たやま","モリタヤ",,,,,
"横間","よこま","モリヨマ",,,,,
"荒屋新町","あらやしんまち","モリアシ",,,,,
"小屋の畑","こやのはた","モリコタ",,,,,
"赤坂田","あかさかた","モリアサ",,,,,
"安比高原","あっぴこうげん","モリアヘ",,,,,
"松尾八幡平","まつおはちまんたい","モリマオ",,,,,
"北森","きたもり","モリキモ",,,,,
"平館","たいらだて","モリラタ",,,,,
"大更","おおぶけ","モリフケ",,,,,
"東大更","ひがしおおぶけ","モリヒオ",,,,,
"好摩","こうま","モリコマ",,,,,
"能代","のしろ","アキノロ",,,,,"五能"
"向能代","むかいのしろ","アキムロ",,,,,
"北能代","きたのしろ","アキキロ",,,,,
"鳥形","とりがた","アキトリ",,,,,
"沢目","さわめ","アキワメ",,,,,
"東八森","ひがしはちもり","アキヒハ",,,,,
"八森","はちもり","アキハモ",,,,,
"滝ノ間","たきのま","アキタキ",,,,,
"あきた白神","あきたしらかみ","アキキラ",,,,,
"岩館","いわだて","アキイテ",,,,,
"大間越","おおまごし","アキオコ",,,,,
"白神岳登山口","しらかみだけとざんぐち","アキミケ",,,,,
"松神","まつかみ","アキマカ",,,,,
"十二湖","じゅうにこ","アキシニ",,,,,
"陸奥岩崎","むついわさき","アキムサ",,,,,
"陸奥沢辺","むつさわべ","アキサハ",,,,,
"ウェスパ椿山","うぇすぱつばきやま","アキウハ",,,,,
"艫作","へなし","アキヘシ",,,,,
"横磯","よこいそ","アキヨソ",,,,,
"深浦","ふかうら","アキフウ",,,,,
"広戸","ひろと","アキヒト",,,,,
"追良瀬","おいらせ","アキオラ",,,,,
"驫木","とどろき","アキトト",,,,,
"風合瀬","かそせ","アキカセ",,,,,
"大戸瀬","おおどせ","アキオセ",,,,,
"千畳敷","せんじょうじき","アキセン",,,,,
"北金ヶ沢","きたかねがさわ","アキキカ",,,,,
"陸奥柳田","むつやなぎた","アキムヤ",,,,,
"陸奥赤石","むつあかいし","アキムア",,,,,
"鰺ヶ沢","あじがさわ","アキアチ",,,,,
"鳴沢","なるさわ","アキナル",,,,,
"越水","こしみず","アキコシ",,,,,
"陸奥森田","むつもりた","アキリタ",,,,,
"（能）中田","なかた","アキコナ",,,,,
"木造","きづくり","アキキリ",,,,,
"五所川原","ごしょがわら","アキコラ",,,,,
"陸奥鶴田","むつつるだ","アキツタ",,,,,
"鶴泊","つるだまり","アキツト",,,,,
"板柳","いたやなぎ","アキイナ",,,,,
"林崎","はやしざき","アキハサ",,,,,
"藤崎","ふじさき","アキフサ",,,,,
"出戸浜","でとはま","アキテハ",,,,,"男鹿"
"上二田","かみふただ","アキミフ",,,,,
"二田","ふただ","アキフタ",,,,,
"天王","てんのう","アキテノ",,,,,
"船越","ふなこし","アキフナ",,,,,
"脇本","わきもと","アキワモ",,,,,
"羽立","はだち","アキハチ",,,,,
"男鹿","おが","アキオカ",,,,,
"大釜","おおかま","モリウマ",,,,,"田沢湖"
"小岩井","こいわい","モリコイ",,,,,
"雫石","しずくいし","モリクイ",,,,,
"春木場","はるきば","モリハル",,,,,
"赤渕","あかぶち","モリアチ",,,,,
"田沢湖","たざわこ","アキワコ",,,,,
"刺巻","さしまき","アキサシ",,,,,
"（田沢）神代","じんだい","アキタイ",,,,,
"生田","しょうでん","アキシヨ",,,,,
"角館","かくのだて","アキカテ",,,,,
"鶯野","うぐいすの","アキウス",,,,,
"羽後長野","うごながの","アキウカ",,,,,
"鑓見内","やりみない","アキヤリ",,,,,
"羽後四ツ屋","うごよつや","アキウヨ",,,,,
"北大曲","きたおおまがり","アキキオ",,,,,
"上盛岡","かみもりおか","モリモオ",,,,,"山田"
"山岸","やまぎし","モリキシ",,,,,
"上米内","かみよない","モリカヨ",,,,,
"大志田","おおしだ","モリオウ",,,,,
"浅岸","あさぎし","モリアキ",,,,,
"区界","くざかい","モリクヒ",,,,,
"松草","まつくさ","モリマク",,,,,
"平津戸","ひらつと","モリラツ",,,,,
"（山）川内","かわうち","モリカウ",,,,,
"箱石","はこいし","モリハイ",,,,,
"陸中川井","りくちゅうかわい","モリリワ",,,,,
"腹帯","はらたい","モリハラ",,,,,
"茂市","もいち","モリモイ",,,,,
"蟇目","ひきめ","モリヒメ",,,,,
"花原市","けばらいち","モリケラ",,,,,
"千徳","せんとく","モリセク",,,,,
"宮古","みやこ","モリミヤ",,,,,
"磯鶏","そけい","モリソケ",,,,,
"津軽石","つがるいち","モリツイ",,,,,
"豊間根","とよまね","モリトネ",,,,,
"陸中山田","りくちゅうやまだ","モリリマ",,,,,
"織笠","おりかさ","モリリカ",,,,,
"岩手船越","いわてふなこし","モリフナ",,,,,
"浪板海岸","なみいたかいがん","モリナタ",,,,,
"吉里吉里","きりきり","モリリリ",,,,,
"大槌","おおつち","モリオツ",,,,,
"鵜住居","うのすまい","モリウイ",,,,,
"両石","りょういし","モリレウ",,,,,
"釜石","かまいし","モリカマ",,,,,
"小佐野","こさの","モリコノ",,,,,"釜石"
"松倉","まつくら","モリクラ",,,,,
"洞泉","どうせん","モリトセ",,,,,
"陸中大橋","りくちゅうおおはし","モリハシ",,,,,
"上有住","かみありす","モリカア",,,,,
"足ヶ瀬","あしがせ","モリアセ",,,,,
"平倉","ひらくさ","モリヒク",,,,,
"岩手上郷","いわてかみごう","モリテミ",,,,,
"青笹","あおざさ","モリオサ",,,,,
"遠野","とおの","モリトノ",,,,,
"綾織","あやおり","モリヤオ",,,,,
"岩手二日町","いわてふつかまち","モリフツ",,,,,
"荒谷前","あらやまえ","モリラヤ",,,,,
"鱒沢","ますざわ","モリスサ",,,,,
"柏木平","かしわぎだいら","モリワヒ",,,,,
"宮守","みやもり","モリミモ",,,,,
"岩根橋","いわねばし","モリネハ",,,,,
"晴山","はるやま","モリルヤ",,,,,
"土沢","つちざわ","モリツチ",,,,,
"小山田","おやまだ","モリオマ",,,,,
"新花巻","しんはなまき","モリシハ",,,,,
"似内","にたない","モリニナ",,,,,
"岩手刈屋","いわてかりや","モリイカ",,,,,"岩泉"
"中里","なかさと","モリサト",,,,,
"岩手和井内","いわてわいない","モリワナ",,,,,
"押角","おしかど","モリカト",,,,,
"岩手大川","いわておおかわ","モリイオ",,,,,
"浅内","あさない","モリアイ",,,,,
"二升石","にしょういし","モリニシ",,,,,
"岩泉","いわいずみ","モリイミ",,,,,
"（北上）柳原","やなぎはら","モリヤナ",,,,,"北上"
"江釣子","えづりこ","モリツリ",,,,,
"藤根","ふじね","モリチネ",,,,,
"立川目","たてかわめ","モリタテ",,,,,
"横川目","よこかわめ","モリヨメ",,,,,
"岩沢","いわさわ","モリイハ",,,,,
"和賀仙人","わかせんにん","モリニン",,,,,
"ゆだ錦秋湖","ゆだきんしゅうこ","モリユキ",,,,,
"ほっとゆだ","ほっとゆだ","モリホユ",,,,,
"ゆだ高原","ゆだこうげん","モリユコ",,,,,
"黒沢","くろさわ","モリロワ",,,,,
"小松川","こまつかわ","モリコツ",,,,,
"平石","ひらいし","モリヒシ",,,,,
"相野々","あいのの","モリアノ",,,,,
"矢美津","やびつ","モリヤツ",,,,,
"真滝","またき","モリマタ",,,,,"大船渡"
"陸中門崎","りくちゅうかんざき","モリカサ",,,,,
"岩ノ下","いわのした","モリイタ",,,,,
"陸中松川","りくちゅうまつかわ","モリマハ",,,,,
"猊鼻渓","げいびけい","モリケイ",,,,,
"柴宿","しばじゅく","モリシク",,,,,
"摺沢","すりさわ","モリスリ",,,,,
"千厩","せんまや","モリセマ",,,,,
"小梨","こなし","モリナシ",,,,,
"矢越","やごし","モリヤコ",,,,,
"折壁","おりかべ","モリオヘ",,,,,
"新月","にいつき","モリニツ",,,,,
"気仙沼","けせんぬま","モリケヌ",,,,,
"鹿折唐桑","ししおりからくわ","モリシシ",,,,,
"上鹿折","かみししおり","モリカオ",,,,,
"陸前矢作","りくぜんやはぎ","モリリヤ",,,,,
"竹駒","たけこま","モリタケ",,,,,
"陸前高田","りくぜんたかた","モリタカ",,,,,
"脇ノ沢","わきのさわ","モリワサ",,,,,
"小友","おとも","モリオモ",,,,,
"細浦","ほそうら","モリホソ",,,,,
"下船渡","しもふなと","モリシフ",,,,,
"大船渡","おおふなと","モリフト",,,,,
"盛","さかり","モリカリ",,,,,
"和渕","わぶち","センワフ",,,,,"気仙沼"
"のの岳","ののだけ","センノノ",,,,,
"陸前豊里","りくぜんとよさと","セントヨ",,,,,
"御岳堂","みたけどう","センミタ",,,,,
"柳津","やないづ","センヤナ",,,,,
"陸前横山","りくぜんよこやま","センリヨ",,,,,
"陸前戸倉","りくぜんとぐら","セントク",,,,,
"志津川","しづがわ","センシワ",,,,,
"清水浜","しずはま","センシハ",,,,,
"歌津","うたつ","センウタ",,,,,
"陸前港","りくぜんみなと","センリナ",,,,,
"蔵内","くらうち","センクラ",,,,,
"陸前小泉","りくぜんこいずみ","センリコ",,,,,
"本吉","もとよし","モリモト",,,,,
"小金沢","こがねざわ","モリコネ",,,,,
"大谷海岸","おおやかいがん","モリオヤ",,,,,
"陸前階上","りくぜんはしかみ","モリリミ",,,,,
"最知","さいち","モリサチ",,,,,
"松岩","まついわ","モリマツ",,,,,
"南気仙沼","みなみけせんぬま","モリミケ",,,,,
"不動の沢","ふどうのさわ","モリフサ",,,,,
"升形","ますかた","アキスタ",,,,,"陸羽西"
"羽前前波","うぜんぜんなみ","アキウセ",,,,,
"津谷","つや","アキツヤ",,,,,
"古口","ふるくち","アキルチ",,,,,
"高屋","たかや","アキタカ",,,,,
"清川","きよかわ","アキキヨ",,,,,
"狩川","かりかわ","アキリカ",,,,,
"南野","みなみの","アキミノ",,,,,
"北浦","きたうら","センキウ",,,,,"陸羽東"
"陸前谷地","りくぜんやち","センヤチ",,,,,
"古川","ふるかわ","センフル",,,,,
"塚目","つかのめ","センツメ",,,,,
"西古川","にしふるかわ","センニフ",,,,,
"東大崎","ひがしおおさき","センヒオ",,,,,
"西大崎","にしおおさき","センニオ",,,,,
"岩出山","いわでやま","センワテ",,,,,
"有備館","ゆうびかん","センユカ",,,,,
"上野目","かみのめ","センノメ",,,,,
"池月","いけづき","センケキ",,,,,
"川渡温泉","かわたびおんせん","センタヒ",,,,,
"鳴子御殿湯","なるこごてんゆ","センナコ",,,,,
"鳴子温泉","なるこおんせん","センルコ",,,,,
"中山平温泉","なかやまだいらおんせん","センナヒ",,,,,
"堺田","さかいだ","センサヒ",,,,,
"赤倉温泉","あかくらおんせん","センアク",,,,,
"立小路","たちこうじ","センチコ",,,,,
"最上","もがみ","センモミ",,,,,
"大堀","おおほり","センオリ",,,,,
"鵜杉","うすぎ","センウス",,,,,
"瀬見温泉","せみおんせん","センセミ",,,,,
"東長沢","ひがしながさわ","センヒサ",,,,,
"長沢","ながさわ","センナサ",,,,,
"南新庄","みなみしんじょう","アキミミ",,,,,
"上涌谷","かみわくや","センワヤ",,,,,
"涌谷","わくや","センクヤ",,,,,"石巻"
"前谷地","まえやち","センマエ",,,,,
"佳景山","かけやま","センケマ",,,,,
"鹿又","かのまた","センカノ",,,,,
"曽波神","そばのかみ","センソハ",,,,,
"石巻","いしのまき","センイキ",,,,,
"陸前稲井","りくぜんいない","センイイ",,,,,
"渡波","わたのは","センワノ",,,,,
"万石浦","まんごくうら","センマン",,,,,
"沢田","さわだ","センサタ",,,,,
"浦宿","うらしゅく","センウラ",,,,,
"女川","おながわ","センオハ",,,,,
"あおば通","あおばどおり","センアリ",,2,,,"仙石"
"榴ヶ岡","つつじがおか","センツツ",,2,,,
"宮城野原","みやぎのはら","センミハ",,2,,,
"陸前原ノ町","りくぜんはらのまち","センリハ",,2,,,
"苦竹","にがたけ","センカケ",,2,,,
"小鶴新田","こづるしんでん","センコテ",,2,,,
"福田町","ふくだまち","センフタ",,2,,,
"陸前高砂","りくぜんたかさご","センタコ",,2,,,
"中野栄","なかのさかえ","センナエ",,2,,,
"多賀城","たがじょう","センタウ",,,,,
"下馬","げば","センケハ",,,,,
"西塩釜","にししおがま","センニカ",,,,,
"本塩釜","ほんしおがま","センホカ",,,,,
"東塩釜","ひがししおがま","センヒマ",,,,,
"陸前浜田","りくぜんはまだ","センセハ",,,,,
"松島海岸","まつしまかいがん","センツカ",,,,,
"高城町","たかぎまち","センキマ",,,,,
"手樽","てたる","センテタ",,,,,
"陸前富山","りくぜんとみやま","センリト",,,,,
"陸前大塚","りくぜんおおつか","センリク",,,,,
"東名","とうな","セントナ",,,,,
"野蒜","のびる","センノル",,,,,
"陸前小野","りくぜんおの","センオノ",,,,,
"鹿妻","かづま","センカツ",,,,,
"矢本","やもと","センヤモ",,,,,
"東矢本","ひがしやもと","センヒモ",,,,,
"陸前赤井","りくぜんあかい","センアカ",,,,,
"蛇田","へびた","センヘヒ",,,,,
"陸前山下","りくぜんやました","センクマ",,,,,
"東照宮","とうしょうぐう","センクウ",,2,,,"仙山"
"北仙台","きたせんだい","センキセ",,2,,,
"北山","きたやま","センタマ",,2,,,
"東北福祉大前","とうほくふくしだいまえ","セントフ",,2,,,
"国見","くにみ","センクミ",,2,,,
"葛岡","くずおか","センクオ",,2,,,
"陸前落合","りくぜんおちあい","センリオ",,2,,,
"愛子","あやし","センヤシ",,2,,,
"陸前白沢","りくぜんしらさわ","センリシ",,2,,,
"熊ヶ根","くまがね","センクネ",,2,,,
"西仙台ハイランド","にしせんだいはいらんど","センニセ",,2,,,
"作並","さくなみ","センサミ",,2,,,
"八ツ森","やつもり","センヤツ",,2,,,
"奥新川","おくにっかわ","センオク",,2,,,
"面白山高原","おもしろやまこうげん","センモコ",,,,,
"山寺","やまでら","センヤテ",,,,,
"（仙山）高瀬","たかせ","センタセ",,,,,
"楯山","たてやま","センタヤ",,,,,
"東金井","ひがしかない","アキヒカ",,,,,"左沢"
"羽前山辺","うぜんやまべ","アキヤヘ",,,,,
"羽前金沢","うぜんかねやま","アキカナ",,,,,
"羽前長崎","うぜんながさき","アキナキ",,,,,
"南寒河江","みなみさがえ","アキミエ",,,,,
"寒河江","さがえ","アキサエ",,,,,
"西寒河江","にしさがえ","アキニエ",,,,,
"羽前高松","うぜんたかまつ","アキウタ",,,,,
"柴橋","しばはし","アキハシ",,,,,
"左沢","あてらざわ","アキアテ",,,,,
"南米沢","よねざわ","アキミサ",,,,,"米坂"
"西米沢","にしよねざわ","アキニヨ",,,,,
"成島","なるしま","アキナマ",,,,,
"中郡","ちゅうぐん","アキチウ",,,,,
"羽前小松","うぜんこまつ","アキウコ",,,,,
"犬川","いぬかわ","アキイヌ",,,,,
"今泉","いまいずみ","アキイイ",,,,,
"萩生","はぎゅう","ニイハウ",,,,,
"羽前椿","うぜんつばき","ニイウツ",,,,,
"手ノ子","てのこ","ニイテコ",,,,,
"羽前沼沢","うぜんぬまざわ","ニイウヌ",,,,,
"伊佐領","いさりょう","ニイイウ",,,,,
"羽前松岡","うぜんまつおか","ニイウカ",,,,,
"小国","おぐに","ニイオク",,,,,
"越後金丸","えちごかなまる","ニイエマ",,,,,
"越後片貝","えちごかたかい","ニイエタ",,,,,
"越後下関","えちごしもせき","ニイエシ",,,,,
"越後大島","えちごおおしま","ニイエオ",,,,,
"赤井","あかい","ミトアイ",,,,,"磐越東"
"小川郷","おがわごう","ミトワコ",,,,,
"江田","えだ","センエタ",,,,,
"川前","かわまえ","センカエ",,,,,
"夏井","なつい","センツイ",,,,,
"小野新町","おのにいまち","センオニ",,,,,
"神俣","かんまた","センムタ",,,,,
"菅谷","すがや","センスヤ",,,,,
"大越","おおごえ","センオエ",,,,,
"磐城常葉","いわきときわ","センキワ",,,,,
"船引","ふねひき","センフヒ",,,,,
"要田","かなめた","センカメ",,,,,
"三春","みはる","センハル",,,,,
"舞木","もうぎ","センモキ",,,,,
"喜久田","きくた","センキク",,,,,"磐越西"
"安子ヶ島","あこがしま","センアコ",,,,,
"磐梯熱海","ばんだいあたみ","センタミ",,,,,
"中山宿","なかやまじゅく","センナク",,,,,
"（磐）上戸","じょうこ","センセコ",,,,,
"猪苗代湖畔","いなわしろこはん","センイコ",,,,,
"関都","せきと","センセト",,,,,
"川桁","かわげた","センケタ",,,,,
"猪苗代","いなわしろ","センイロ",,,,,
"翁島","おきなしま","センオナ",,,,,
"磐梯町","ばんだいまち","センイマ",,,,,
"東長原","ひがしながはら","センヒカ",,,,,
"広田","ひろた","センロタ",,,,,
"会津若松","あいづわかまつ","センワカ",,,,,
"堂島","どうじま","セントシ",,,,,
"笈川","おいかわ","センオイ",,,,,
"塩川","しおかわ","センシオ",,,,,
"姥堂","うばどう","センウハ",,,,,
"会津豊川","あいづとよかわ","センアヨ",,,,,
"喜多方","きたかた","センキタ",,,,,
"山都","やまと","ニイヤト",,,,,
"荻野","おぎの","ニイキノ",,,,,
"尾登","おのぼり","ニイオリ",,,,,
"野沢","のざわ","ニイノワ",,,,,
"上野尻","かみのじり","ニイノリ",,,,,
"徳沢","とくさわ","ニイトワ",,,,,
"豊実","とよみ","ニイトヨ",,,,,
"日出谷","ひでや","ニイヒヤ",,,,,
"鹿瀬","かのせ","ニイカセ",,,,,
"津川","つがわ","ニイツワ",,,,,
"（磐）三川","みかわ","ニイミカ",,,,,
"五十島","いがしま","ニイイカ",,,,,
"東下条","ひがしげじょう","ニイヒケ",,,,,
"咲花","さきはな","ニイサナ",,,,,
"馬下","まおろし","ニイマロ",,,,,
"猿和田","さるわだ","ニイサワ",,,,,
"五泉","ごせん","ニイコセ","新潟",,,,
"北五泉","きたごせん","ニイキセ","新潟",,,,
"新関","しんせき","ニイシセ","新潟",,,,
"東新津","ひがしにいつ","ニイヒツ","新潟",,,,
"東新潟","ひがしにいがた","ニイヒイ","新潟",,,,"白新"
"大形","おおがた","ニイオオ","新潟",,,,
"新崎","にいざき","ニイニサ","新潟",,,,
"早通","はやどおり","ニイハヤ","新潟",,,,
"豊栄","とよさか","ニイトサ","新潟",,,,
"黒山","くろやま","ニイクヤ","新潟",,,,
"佐々木","ささき","ニイササ","新潟",,,,
"西新発田","にししばた","ニイニタ","新潟",,,,
"常陸青柳","ひたちあおやぎ","ミトオヤ",,,,,"水郡"
"常陸津田","ひたちつだ","ミトツタ",,,,,
"後台","ごだい","ミトコタ",,,,,
"下菅谷","しもすがや","ミトモス",,,,,
"中菅谷","なかすがや","ミトナス",,,,,
"上菅谷","かみすがや","ミトスヤ",,,,,
"南酒出","みなみさかいで","ミトミサ",,,,,"水郡2"
"額田","ぬかだ","ミトヌカ",,,,,
"河合","かわい","ミトカイ",,,,,
"谷河原","やがわら","ミトヤカ",,,,,
"常陸太田","ひたちおおた","ミトオウ",,,,,
"常陸鴻巣","ひたちこうのす","ミトコス",,,,,"水郡"
"瓜連","うりづら","ミトウリ",,,,,
"静","しず","ミトシツ",,,,,
"常陸大宮","ひたちおおみや","ミトヒオ",,,,,
"玉川村","たまがわむら","ミトタム",,,,,
"野上原","のがみはら","ミトノカ",,,,,
"山方宿","やまがたじゅく","ミトヤタ",,,,,
"中舟生","なかふにゅう","ミトナフ",,,,,
"下小川","しもおがわ","ミトシモ",,,,,
"西金","さいがね","ミトサイ",,,,,
"上小川","かみおがわ","ミトミコ",,,,,
"袋田","ふくろだ","ミトフタ",,,,,
"常陸大子","ひたちだいご","ミトタイ",,,,,
"下野宮","しものみや","ミトシノ",,,,,
"矢祭山","やまつりやま","ミトツリ",,,,,
"東館","ひがしだて","ミトヒテ",,,,,
"南石井","みなみいしい","ミトミイ",,,,,
"磐城石井","いわきいしい","ミトシイ",,,,,
"磐城塙","いわきはなわ","ミトイワ",,,,,
"近津","ちかつ","ミトチツ",,,,,
"中豊","なかとよ","ミトトヨ",,,,,
"磐城棚倉","いわきたなくら","ミトキナ",,,,,
"磐城浅川","いわきあさかわ","ミトキワ",,,,,
"里白石","さとしらいし","ミトサト",,,,,
"磐城石川","いわきいしかわ","ミトワイ",,,,,
"野木沢","のぎさわ","ミトノキ",,,,,
"川辺沖","かわべおき","ミトカオ",,,,,
"泉郷","いずみごう","ミトイコ",,,,,
"川東","かわひがし","ミトヒシ",,,,,
"小塩江","おしおえ","ミトオシ",,,,,
"谷田川","やたがわ","ミトヤワ",,,,,
"磐城守山","いわきもりやま","ミトモア",,,,,
"七日町","なぬかまち","センナマ",,,,,"只見"
"西若松","にしわかまつ","センニシ",,,,,
"会津本郷","あいづほんごう","センホコ",,,,,
"会津高田","あいづたかだ","センタタ",,,,,
"（只）根岸","ねぎし","センネシ",,,,,
"新鶴","にいつる","センニル",,,,,
"若宮","わかみや","センワミ",,,,,
"会津坂下","あいづばんげ","センハン",,,,,
"塔寺","とうでら","セントラ",,,,,
"会津坂本","あいづさかもと","センアモ",,,,,
"会津柳津","あいづやないづ","センアヤ",,,,,
"郷戸","ごうど","センウト",,,,,
"滝谷","たきや","センキヤ",,,,,
"会津桧原","あいづひのはら","センアヒ",,,,,
"会津西方","あいづにしかた","センシカ",,,,,
"会津宮下","あいづみやした","センミシ",,,,,
"早戸","はやと","センハヤ",,,,,
"会津水沼","あいづみずぬま","センミヌ",,,,,
"会津中川","あいづなかがわ","センナカ",,,,,
"会津川口","あいづかわぐち","センカワ",,,,,
"本名","ほんな","センホナ",,,,,
"会津越川","あいづこすがわ","センアス",,,,,
"会津横田","あいづよこた","センヨタ",,,,,
"会津大塩","あいづおおしお","センアオ",,,,,
"会津塩沢","あいづしおざわ","センツシ",,,,,
"会津蒲生","あいづがもう","センカモ",,,,,
"只見","ただみ","センアミ",,,,,
"田子倉","たごくら","センタラ",,,,,
"大白川","おおしらかわ","ニイオカ",,,,,
"柿ノ木","かきのき","ニイカノ",,,,,
"入広瀬","いりひろせ","ニイイリ",,,,,
"上条","かみじょう","ニイカウ",,,,,
"越後須原","えちごすはら","ニイエス",,,,,
"魚沼田中","うおぬまたなか","ニイウタ",,,,,
"越後広瀬","えちごひろせ","ニイヒセ",,,,,
"藪神","やぶかみ","ニイヤカ",,,,,
"下野花岡","しもつけはなおか","トキハナ","東京",,,,"烏山"
"（烏）仁井田","にいた","トキニタ","東京",,,,
"鴻野山","こうのやま","トキコウ","東京",,,,
"大金","おおがね","トキオネ","東京",,,,
"小塙","こばな","トキコハ","東京",,,,
"（烏）滝","たき","トキタキ","東京",,,,
"烏山","からすやま","トキカラ","東京",,,,
"鶴田","つるた","トキツル","東京",,,,"日光"
"鹿沼","かぬま","トキカヌ","東京",,,,
"文挟","ふばさみ","トキフハ","東京",,,,
"下野大沢","しもつけおおさわ","トキオワ","東京",,,,
"今市","いまいち","トキイマ","東京",,,,
"日光","にっこう","トキニコ","東京",,,,
"東柏崎","ひがしかしわざき","ニイヒカ",,,,,"越後"
"西中通","にしなかどおり","ニイニト",,,,,
"荒浜","あらはま","ニイアマ",,,,,
"刈羽","かりわ","ニイリワ",,,,,
"西山","にしやま","ニイニヤ",,,,,
"礼拝","らいはい","ニイラハ",,,,,
"石地","いしじ","ニイイシ",,,,,
"小木ノ城","おぎのじょう","ニイオヨ",,,,,
"出雲崎","いずもざき","ニイイモ",,,,,
"妙法寺","みょうほうじ","ニイミホ",,,,,
"小島谷","おじまや","ニイシマ",,,,,
"桐原","きりはら","ニイキラ",,,,,
"寺泊","てらどまり","ニイテラ",,,,,
"分水","ぶんすい","ニイフン",,,,,
"粟生津","あおうづ","ニイアオ",,,,,
"南吉田","みなみよしだ","ニイミヨ",,,,,
"吉田","よしだ","ニイヨシ","新潟",,,,
"北吉田","きたよしだ","ニイキヨ","新潟",,,,
"岩室","いわむろ","ニイムロ","新潟",,,,
"巻","まき","ニイマキ","新潟",,,,
"越後曽根","えちごそね","ニイエソ","新潟",,,,
"越後赤塚","えちごあかつか","ニイアツ","新潟",,,,
"内野西が丘","うちのにしがおか","ニイウニ","新潟",,,,
"内野","うちの","ニイウノ","新潟",,,,
"新潟大学前","にいがただいがくまえ","ニイシン","新潟",,,,
"寺尾","てらお","ニイラオ","新潟",,,,
"小針","こばり","ニイハリ","新潟",,,,
"青山","あおやま","ニイアヤ","新潟",,,,
"関屋","せきや","ニイセヤ","新潟",,,,
"白山","はくさん","ニイハク","新潟",,,,
"弥彦","やひこ","ニイヒコ","新潟",,,,"弥彦"
"矢作","やはぎ","ニイヤハ","新潟",,,,
"西燕","にしつばめ","ニイニメ","新潟",,,,
"燕","つばめ","ニイハメ","新潟",,,,
"燕三条","つばめさんじょう","ニイハサ","新潟",,,,
"北三条","きたさんじょう","ニイキン","新潟",,,,
"信濃浅野","しなのあさの","ナノシア",,,,,"飯山"
"立ヶ花","たてがはな","ナノタテ",,,,,
"上今井","かみいまい","ナノイマ",,,,,
"替佐","かえさ","ナノカエ",,,,,
"蓮","はちす","ナノハス",,,,,
"飯山","いいやま","ナノイヤ",,,,,
"北飯山","きたいいやま","ナノキイ",,,,,
"信濃平","しなのたいら","ナノタイ",,,,,
"戸狩野沢温泉","とがりのざわおんせん","ナノトリ",,,,,
"上境","かみさかい","ナノサイ",,,,,
"上桑名川","かみくわながわ","ナノカク",,,,,
"桑名川","くわながわ","ナノクワ",,,,,
"西大滝","にしおおたき","ナノニキ",,,,,
"信濃白鳥","しなのしらとり","ナノシト",,,,,
"平滝","ひらたき","ナノラタ",,,,,
"横倉","よこくら","ナノヨク",,,,,
"森宮野原","もりみやのはら","ナノモミ",,,,,
"足滝","あしだき","ナノアシ",,,,,
"越後田中","えちごたなか","ナノチナ",,,,,
"津南","つなん","ナノツナ",,,,,
"越後鹿渡","えちごしかわたり","ナノシカ",,,,,
"越後田沢","えちごたざわ","ナノチサ",,,,,
"越後水沢","えちごみずさわ","ナノエミ",,,,,
"土市","どいち","ナノトイ",,,,,
"十日町","とおかまち","ナノトマ",,,,,
"魚沼中条","うおぬまなかじょう","ナノウオ",,,,,
"下条","げじょう","ナノケシ",,,,,
"越後岩沢","えちごいわさわ","ナノエサ",,,,,
"内ヶ巻","うちがまき","ナノウキ",,,,,
"金島","かなしま","タカナシ",,,,,"吾妻"
"祖母島","うばしま","タカウハ",,,,,
"小野上","おのがみ","タカノミ",,,,,
"小野上温泉","おのがみおんせん","タカオン",,,,,
"市城","いちしろ","タカチシ",,,,,
"中之条","なかのじょう","タカノシ",,,,,
"群馬原町","ぐんまはらまち","タカクン",,,,,
"郷原","ごうばら","タカコハ",,,,,
"矢倉","やぐら","タカクラ",,,,,
"岩島","いわしま","タカイワ",,,,,
"川原湯温泉","かわらゆおんせん","タカワユ",,,,,
"長野原草津口","ながのはらくさつぐち","タカナハ",,,,,
"群馬大津","ぐんまおおつ","タカクオ",,,,,
"羽根尾","はねお","タカハネ",,,,,
"袋倉","ふくろぐら","タカフク",,,,,
"万座・鹿沢口","まんざ・かざわぐち","タカマカ",,,,,
"大前","おおまえ","タカオエ",,,,,
"広丘","ひらおか","ナノヒロ",,,,,"篠ノ井"
"村井","むらい","ナノムイ",,,,,
"南松本","みなみまつもと","ナノミマ",,,,,
"松本","まつもと","ナノモト",,,,,
"田沢","たざわ","ナノタサ",,,,,
"明科","あかしな","ナノアカ",,,,,
"（篠）西条","にしじょう","ナノニセ",,,,,
"坂北","さかきた","ナノキタ",,,,,
"聖高原","ひじりこうげん","ナノヒコ",,,,,
"冠着","かむりき","ナノカム",,,,,
"姨捨","おばすて","ナノステ",,,,,
"稲荷山","いなりやま","ナノナリ",,,,,
"御茶ノ水","おちゃのみず","トニチヤ","東京",3,4,"山手","中央東"
"水道橋","すいどうばし","トニスイ","東京",3,4,"山手",
"飯田橋","いいだばし","トニイイ","東京",3,4,"山手",
"市ヶ谷","いちがや","トニイチ","東京",3,4,"山手",
"四ッ谷","よつや","トニヨヤ","東京",3,4,"山手",
"信濃町","しなのまち","トニシチ","東京",3,4,"山手",
"千駄ヶ谷","せんだがや","トニセカ","東京",3,4,"山手",
"代々木","よよぎ","トニヨヨ","東京",3,4,"山手",
"（中）大久保","おおくぼ","トニホク","東京",3,,"東京",
"東中野","ひがしなかの","トニヒカ","東京",3,,"東京",
"中野","なかの","トニカノ","東京",3,,"東京",
"高円寺","こうえんじ","トニカエ","東京",3,,"東京",
"阿佐ヶ谷","あさがや","トニカヤ","東京",3,,"東京",
"荻窪","おぎくぼ","トニクホ","東京",3,,"東京",
"西荻窪","にしおぎくぼ","トニニオ","東京",3,,"東京",
"吉祥寺","きちじょうじ","トニキチ","東京",,,"東京",
"三鷹","みたか","トニミツ","東京",,,"東京",
"武蔵境","むさしさかい","トニサヒ","東京",,,"東京",
"東小金井","ひがしこがねい","トニネイ","東京",,,"東京",
"武蔵小金井","むさしこがねい","トニムコ","東京",,,"東京",
"国分寺","こくぶんじ","トニコシ","東京",,,"東京",
"西国分寺","にしこくぶんじ","トニニフ","東京",,,"東京",
"国立","くにたち","トニクチ","東京",,,"東京",
"立川","たちかわ","トニタチ","東京",,,"東京",
"日野","ひの","トニヒノ","東京",,,"東京",
"豊田","とよだ","トニトタ","東京",,,"東京",
"八王子","はちおうじ","トニハチ","東京",,,"東京",
"西八王子","にしはちおうじ","トニニハ","東京",,,"東京",
"高尾","たかお","トニタオ","東京",,,"東京",
"相模湖","さがみこ","トニミコ","東京",,,,
"藤野","ふじの","トニフノ","東京",,,,
"上野原","うえのはら","トニウハ","東京",,,,
"四方津","しおつ","トニホツ","東京",,,,
"梁川","やながわ","トニヤナ","東京",,,,
"鳥沢","とりさわ","トニトリ","東京",,,,
"猿橋","さるはし","トニサル","東京",,,,
"大月","おおつき","トニオキ","東京",,,,
"初狩","はつかり","トニハカ","東京",,,,
"笹子","ささご","トニサコ","東京",,,,
"甲斐大和","かいやまと","トニシノ","東京",,,,
"勝沼ぶどう郷","かつぬまぶどうきょう","トニツマ","東京",,,,
"塩山","えんざん","トニエサ","東京",,,,
"東山梨","ひがしやまなし","トニヒヤ","東京",,,,
"山梨市","やまなしし","トニヤシ","東京",,,,
"春日居町","かすがいちょう","トニヘツ","東京",,,,
"石和温泉","いさわおんせん","トニイワ","東京",,,,
"酒折","さかおり","トニオリ","東京",,,,
"甲府","こうふ","トニコフ","東京",,,,
"竜王","りゅうおう","トニリウ","東京",,,,
"塩崎","しおざき","トニシサ","東京",,,,
"韮崎","にらさき","トニニラ","東京",,,,
"新府","しんぷ","トニフシ",,,,,
"穴山","あなやま","トニアナ",,,,,
"日野春","ひのはる","トニヒハ",,,,,
"長坂","ながさか","トニナサ",,,,,
"小淵沢","こぶちざわ","トニコチ",,,,,
"信濃境","しなのさかい","ナノサヒ",,,,,
"富士見","ふじみ","ナノフミ",,,,,
"すずらんの里","すずらんのさと","ナノスサ",,,,,
"青柳","あおやぎ","ナノアヤ",,,,,
"茅野","ちの","ナノチノ",,,,,
"上諏訪","かみすわ","ナノスワ",,,,,
"下諏訪","しもすわ","ナノシス",,,,,
"岡谷","おかや","ナノカヤ",,,,,
"川岸","かわぎし","ナノワキ",,,,,"中央2"
"辰野","たつの","ナノタノ",,,,,
"信濃川島","しなのかわしま","ナノカシ",,,,,
"（中）小野","おの","ナノオノ",,,,,
"みどり湖","みどりこ","ナノリコ",,,,,"中央東"
"塩尻","しおじり","ナノホシ",,,,,
"甲斐小泉","かいこいずみ","ナノカコ",,,,,"小海"
"甲斐大泉","かいおおいずみ","ナノカミ",,,,,
"清里","きよさと","ナノキヨ",,,,,
"野辺山","のべやま","ナノノヘ",,,,,
"信濃川上","しなのかわかみ","ナノワカ",,,,,
"佐久広瀬","さくひろせ","ナノサセ",,,,,
"佐久海ノ口","さくうみのくち","ナノサウ",,,,,
"海尻","うみじり","ナノウミ",,,,,
"松原湖","まつばらこ","ナノマコ",,,,,
"小海","こうみ","ナノコミ",,,,,
"馬流","まながし","ナノマナ",,,,,
"高岩","たかいわ","ナノタカ",,,,,
"八千穂","やちほ","ナノチホ",,,,,
"海瀬","かいぜ","ナノカイ",,,,,
"羽黒下","はぐろした","ナノハシ",,,,,
"青沼","あおぬま","ナノアオ",,,,,
"臼田","うすだ","ナノウス",,,,,
"龍岡城","たつおかじょう","ナノタツ",,,,,
"太田部","おおたべ","ナノオオ",,,,,
"中込","なかごみ","ナノコメ",,,,,
"滑津","なめづ","ナノナメ",,,,,
"北中込","きたなかごみ","ナノキナ",,,,,
"岩村田","いわむらだ","ナノムタ",,,,,
"佐久平","さくだいら","ナノサク",,,,,
"中佐都","なかさと","ナノナト",,,,,
"美里","みさと","ナノミサ",,,,,
"三岡","みつおか","ナノミツ",,,,,
"乙女","おとめ","ナノオト",,,,,
"東小諸","ひがしこもろ","ナノヒモ",,,,,
"北松本","きたまつもと","ナノキマ",,,,,"大糸"
"島内","しまうち","ナノマチ",,,,,
"島高松","しまたかまつ","ナノシマ",,,,,
"梓橋","あずさばし","ナノアサ",,,,,
"一日市場","ひといちば","ナノヒチ",,,,,
"中萱","なかがや","ナノナヤ",,,,,
"南豊科","みなみとよしな","ナノミナ",,,,,
"豊科","とよしな","ナノトシ",,,,,
"柏矢町","はくやちょう","ナノハテ",,,,,
"穂高","ほたか","ナノホタ",,,,,
"有明","ありあけ","ナノアリ",,,,,
"安曇追分","あずみおいわけ","ナノオケ",,,,,
"細野","ほその","ナノホソ",,,,,
"北細野","きたほその","ナノキホ",,,,,
"信濃松川","しなのまつかわ","ナノマツ",,,,,
"安曇沓掛","あずみくつかけ","ナノアク",,,,,
"信濃常盤","しなのときわ","ナノトキ",,,,,
"南大町","みなみおおまち","ナノミオ",,,,,
"信濃大町","しなのおおまち","ナノオマ",,,,,
"北大町","きたおおまち","ナノキオ",,,,,
"信濃木崎","しなのきざき","ナノノキ",,,,,
"稲尾","いなお","ナノイナ",,,,,
"海ノ口","うみのくち","ナノウチ",,,,,
"簗場","やなば","ナノヤハ",,,,,
"ヤナバスキー場前","やなばすきーじょうまえ","ナノヤス",,,,,
"南神城","みなみかみしろ","ナノミカ",,,,,
"神城","かみしろ","ナノシロ",,,,,
"飯森","いいもり","ナノイイ",,,,,
"白馬","はくば","ナノハク",,,,,
"信濃森上","しなのもりうえ","ナノモヘ",,,,,
"白馬大池","はくばおおいけ","ナノハオ",,,,,
"千国","ちくに","ナノクニ",,,,,
"南小谷","みなみおたり","ナノオタ",,,,,
"尻手","しって","トミツテ","東京",,,"東京","南武"
"矢向","やこう","トミヤコ","東京",,,"東京",
"鹿島田","かしまだ","トミマシ","東京",,,"東京",
"平間","ひらま","トミラマ","東京",,,"東京",
"向河原","むかいがわら","トミカヒ","東京",,,"東京",
"武蔵小杉","むさしこすぎ","トニスキ","東京",,,"東京",
"武蔵中原","むさしなかはら","トニムナ","東京",,,"東京",
"武蔵新城","むさししんじょう","トニムシ","東京",,,"東京",
"武蔵溝ノ口","むさしみぞのくち","トニムミ","東京",,,"東京",
"津田山","つだやま","トニツヤ","東京",,,"東京",
"久地","くじ","トニクシ","東京",,,"東京",
"宿河原","しゅくがわら","トニユク","東京",,,"東京",
"登戸","のぼりと","トニノト","東京",,,"東京",
"中野島","なかのしま","トニノシ","東京",,,"東京",
"稲田堤","いなだづつみ","トニツツ","東京",,,"東京",
"矢野口","やのくち","トニノク","東京",,,"東京",
"稲城長沼","いなぎながぬま","トニナヌ","東京",,,"東京",
"南多摩","みなみたま","トニミミ","東京",,,"東京",
"府中本町","ふちゅうほんまち","トニフチ","東京",,,"東京",
"分倍河原","ぶばいがわら","トニフイ","東京",,,"東京",
"谷保","やほ","トニヤホ","東京",,,"東京",
"矢川","やがわ","トニヤカ","東京",,,"東京",
"西国立","にしくにたち","トニニク","東京",,,"東京",
"大口","おおぐち","トミオウ","東京",,,"東京","横浜"
"菊名","きくな","トミキク","東京",,,"東京",
"新横浜","しんよこはま","トミシヨ","東京",,,"東京",
"小机","こづくえ","トミコエ","東京",,,"東京",
"鴨居","かもい","トニモイ","東京",,,"東京",
"中山","なかやま","トニナヤ","東京",,,"東京",
"十日市場","とおかいちば","トニトイ","東京",,,"東京",
"長津田","ながつた","トニツタ","東京",,,"東京",
"成瀬","なるせ","トニナル","東京",,,"東京",
"町田","まちだ","トニマチ","東京",,,"東京",
"古淵","こぶち","トニチコ","東京",,,"東京",
"淵野辺","ふちのべ","トニノヘ","東京",,,"東京",
"矢部","やべ","トニヤヘ","東京",,,"東京",
"相模原","さがみはら","トニラサ","東京",,,"東京",
"（横）橋本","はしもと","トニハモ","東京",,,"東京",
"相原","あいはら","トニアイ","東京",,,"東京",
"八王子みなみ野","はちおうじみなみの","トニハミ","東京",,,"東京",
"片倉","かたくら","トニカク","東京",,,"東京",
"桜木町","さくらぎちょう","トミサチ","東京",,,"東京","根岸"
"関内","かんない","トミナイ","東京",,,"東京",
"石川町","いしかわちょう","トミイシ","東京",,,"東京",
"山手","やまて","トミマテ","東京",,,"東京",
"（岸）根岸","ねぎし","トミネキ","東京",,,"東京",
"磯子","いそご","トミソコ","東京",,,"東京",
"新杉田","しんすぎた","トミシス","東京",,,"東京",
"洋光台","ようこうだい","トミヨタ","東京",,,"東京",
"港南台","こうなんだい","トミコナ","東京",,,"東京",
"本郷台","ほんごうだい","トミホコ","東京",,,"東京",
"北鎌倉","きたかまくら","トミキラ","東京",,,"東京","横須賀"
"鎌倉","かまくら","トミクラ","東京",,,"東京",
"逗子","ずし","トミスシ","東京",,,"東京",
"東逗子","ひがしずし","トミヒツ","東京",,,"東京",
"田浦","たうら","トミタウ","東京",,,"東京",
"横須賀","よこすか","トミスカ","東京",,,"東京",
"衣笠","きぬがさ","トミヌサ","東京",,,"東京",
"久里浜","くりはま","トミリマ","東京",,,"東京",
"北茅ヶ崎","きたちがさき","トニキキ","東京",,,,"相模"
"香川","かがわ","トニカカ","東京",,,,
"寒川","さむかわ","トニサム","東京",,,,
"宮山","みややま","トニヤヤ","東京",,,,
"倉見","くらみ","トニラミ","東京",,,,
"門沢橋","かどさわばし","トニカト","東京",,,,
"社家","しゃけ","トニヤケ","東京",,,,
"厚木","あつぎ","トニツキ","東京",,,,
"海老名","えびな","トニエナ","東京",,,,
"入谷","いりや","トニリヤ","東京",,,,
"相武台下","そうぶだいした","トニサウ","東京",,,,
"下溝","しもみぞ","トニモミ","東京",,,,
"原当麻","はらたいま","トニタイ","東京",,,,
"番田","ばんだ","トニハン","東京",,,,
"上溝","かみみぞ","トニカミ","東京",,,,
"南橋本","みなみはしもと","トニミモ","東京",,,,
"西立川","にしたちかわ","トニニワ","東京",,,"東京","青梅"
"東中神","ひがしなかがみ","トニヒミ","東京",,,"東京",
"中神","なかがみ","トニナミ","東京",,,"東京",
"昭島","あきしま","トニアマ","東京",,,"東京",
"拝島","はいじま","トニハヒ","東京",,,"東京",
"牛浜","うしはま","トニウシ","東京",,,"東京",
"福生","ふっさ","トニフツ","東京",,,"東京",
"羽村","はむら","トニハム","東京",,,"東京",
"小作","おざく","トニサク","東京",,,"東京",
"河辺","かべ","トニカヘ","東京",,,"東京",
"東青梅","ひがしおうめ","トニアメ","東京",,,"東京",
"青梅","おうめ","トニオメ","東京",,,"東京",
"宮ノ平","みやのひら","トニノラ","東京",,,"東京",
"日向和田","ひなたわだ","トニワタ","東京",,,"東京",
"石神前","いしがみまえ","トニシマ","東京",,,"東京",
"二俣尾","ふたまたお","トニフマ","東京",,,"東京",
"軍畑","いくさばた","トニサハ","東京",,,"東京",
"沢井","さわい","トニサイ","東京",,,"東京",
"御嶽","みたけ","トニミケ","東京",,,"東京",
"川井","かわい","トニカイ","東京",,,"東京",
"古里","こり","トニコリ","東京",,,"東京",
"鳩ノ巣","はとのす","トニトノ","東京",,,"東京",
"白丸","しろまる","トニシロ","東京",,,"東京",
"奥多摩","おくたま","トニタマ","東京",,,"東京",
"北八王子","きたはちおうじ","トニキオ","東京",,,,"八高"
"小宮","こみや","トニコヤ","東京",,,,
"東福生","ひがしふっさ","トニヒサ","東京",,,,
"箱根ヶ崎","はこねがさき","トニネカ","東京",,,,
"金子","かねこ","トニカコ","東京",,,,
"東飯能","ひがしはんのう","トニハノ","東京",,,,
"高麗川","こまがわ","トニマワ","東京",,,,
"毛呂","もろ","タカモロ","東京",,,,
"越生","おごせ","タカオセ","東京",,,,
"明覚","みょうかく","タカミヨ","東京",,,,
"小川町","おがわまち","タカカマ","東京",,,,
"竹沢","たけざわ","タカケサ","東京",,,,
"折原","おりはら","タカオリ","東京",,,,
"寄居","よりい","タカヨリ","東京",,,,
"用土","ようど","タカヨト","東京",,,,
"松久","まつひさ","タカマヒ","東京",,,,
"児玉","こだま","タカコマ","東京",,,,
"丹荘","たんしょう","タカタヨ","東京",,,,
"群馬藤岡","ぐんまふじおか","タカフシ","東京",,,,
"北藤岡","きたふじおか","タカキフ","東京",,,,
"大崎","おおさき","トミオサ","東京",3,4,"山手","山手1"
"五反田","ごたんだ","トニタン","東京",3,4,"山手",
"目黒","めぐろ","トニメク","東京",3,4,"山手",
"恵比寿","えびす","トニエヒ","東京",3,4,"山手",
"渋谷","しぶや","トニシフ","東京",3,4,"山手",
"原宿","はらじゅく","トニラシ","東京",3,4,"山手",
"北府中","きたふちゅう","トニキフ","東京",,,"東京","武蔵野"
"新小平","しんこだいら","トニシイ","東京",,,"東京",
"新秋津","しんあきつ","トニシア","東京",,,"東京",
"東所沢","ひがしところざわ","トニヒト","東京",,,"東京",
"新座","にいざ","トニイサ","東京",,,"東京",
"北朝霞","きたあさか","トキキア","東京",,,"東京",
"西浦和","にしうらわ","トキニウ","東京",,,"東京",
"東浦和","ひがしうらわ","トキヒウ","東京",,,"東京",
"東川口","ひがしかわぐち","トキヒチ","東京",,,"東京",
"南越谷","みなみこしがや","トキミシ","東京",,,"東京",
"吉川","よしかわ","トキヨカ","東京",,,"東京",
"新三郷","しんみさと","トキシミ","東京",,,"東京",
"（武蔵）三郷","みさと","トキサト","東京",,,"東京",
"南流山","みなみながれやま","トキミナ","東京",,,"東京",
"新八柱","しんやはしら","チハヤハ","東京",,,"東京",
"市川大野","いちかわおおの","チハチノ","東京",,,"東京",
"東松戸","ひがしまつど","チハヒマ","東京",,,"東京",
"船橋法典","ふなばしほうてん","チハフホ","東京",,,"東京",
"（川）日進","にっしん","トキニン","東京",,,,"川越"
"指扇","さしおうぎ","トキサシ","東京",,,,
"南古谷","みなみふるや","トキミフ","東京",,,,
"川越","かわごえ","トキハエ","東京",,,,
"西川越","にしかわごえ","トキニカ","東京",,,,
"的場","まとば","トキトハ","東京",,,,
"笠幡","かさはた","トキカサ","東京",,,,
"武蔵高萩","むさしたかはぎ","トキタハ","東京",,,,
"北赤羽","きたあかばね","トキキネ","東京",3,,"東京","埼京"
"浮間舟渡","うきまふなど","トキウキ","東京",3,,"東京",
"戸田公園","とだこうえん","トキトコ","東京",,,"東京",
"（北）戸田","とだ","トキタト","東京",,,"東京",
"北戸田","きたとだ","トキキト","東京",,,"東京",
"武蔵浦和","むさしうらわ","トキムラ","東京",,,"東京",
"中浦和","なかうらわ","トキナラ","東京",,,"東京",
"南与野","みなみよの","トキミヨ","東京",,,"東京",
"与野本町","よのほんまち","トキヨチ","東京",,,"東京",
"北与野","きたよの","トキキヨ","東京",,,"東京",
"思川","おもいがわ","タカモア","東京",,,,"両毛"
"栃木","とちぎ","タカトキ","東京",,,,
"大平下","おおひらした","タカオラ","東京",,,,
"岩舟","いわふね","タカイフ","東京",,,,
"佐野","さの","タカサノ","東京",,,,
"（両）富田","とみた","タカミタ","東京",,,,
"足利","あしかが","タカアカ","東京",,,,
"山前","やままえ","タカヤエ","東京",,,,
"小俣","おまた","タカマタ","東京",,,,
"桐生","きりゅう","タカキリ","東京",,,,
"岩宿","いわじゅく","タカイク","東京",,,,
"国定","くにさだ","タカクニ","東京",,,,
"伊勢崎","いせさき","タカセサ","東京",,,,
"駒形","こまがた","タカコタ","東京",,,,
"前橋大島","まえばしおおしま","タカマオ","東京",,,,
"前橋","まえばし","タカマエ","東京",,,,
"小田林","おたばやし","ミトオハ","東京",,,,"水戸"
"結城","ゆうき","ミトユキ","東京",,,,
"東結城","ひがしゆうき","ミトヒユ","東京",,,,
"川島","かわしま","ミトワシ","東京",,,,
"玉戸","たまど","ミトタト","東京",,,,
"下館","しもだて","ミトシテ","東京",,,,
"新治","にいはり","ミトハリ","東京",,,,
"大和","やまと","ミトヤト","東京",,,,
"岩瀬","いわせ","ミトワセ","東京",,,,
"羽黒","はぐろ","ミトハク","東京",,,,
"福原","ふくはら","ミトフラ","東京",,,,
"稲田","いなだ","ミトイナ","東京",,,,
"笠間","かさま","ミトサマ","東京",,,,
"宍戸","ししど","ミトシシ","東京",,,,
"八丁畷","はっちょうなわて","トミワテ","東京",,,"東京","南武2"
"川崎新町","かわさきしんまち","トミワシ","東京",,,"東京",
"国道","こくどう","トミコク","東京",,,"東京","鶴見"
"鶴見小野","つるみおの","トミミノ","東京",,,"東京",
"弁天橋","べんてんばし","トミテシ","東京",,,"東京",
"浅野","あさの","トミアノ","東京",,,"東京",
"安善","あんぜん","トミアセ","東京",,,"東京",
"武蔵白石","むさししらいし","トミライ","東京",,,"東京",
"浜川崎","はまかわさき","トミハサ","東京",,,"東京",
"昭和","しょうわ","トミセワ","東京",,,"東京",
"扇町","おうぎまち","トミアチ","東京",,,"東京",
"新芝浦","しんしばうら","トミシシ","東京",,,"東京","鶴見2"
"海芝浦","うみしばうら","トミウミ","東京",,,"東京",
"大川","おおかわ","トミホカ","東京",,,"東京","鶴見3"
"新日本橋","しんにほんばし","トミホン","東京",3,,"東京","総武"
"馬喰町","ばくろちょう","トミハク","東京",3,,"東京",
"錦糸町","きんしちょう","チハキウ","東京",3,,"東京",
"亀戸","かめいど","チハカメ","東京",3,,"東京",
"平井","ひらい","チハヒイ","東京",3,,"東京",
"新小岩","しんこいわ","チハシワ","東京",3,,"東京",
"小岩","こいわ","チハコワ","東京",3,,"東京",
"市川","いちかわ","チハチカ","東京",,,"東京",
"本八幡","もとやわた","チハモタ","東京",,,"東京",
"下総中山","しもうさなかやま","チハナマ","東京",,,"東京",
"西船橋","にしふなばし","チハニフ","東京",,,"東京",
"船橋","ふなばし","チハハシ","東京",,,"東京",
"東船橋","ひがしふなばし","チハヒフ","東京",,,"東京",
"津田沼","つだぬま","チハツヌ","東京",,,"東京",
"幕張本郷","まくはりほんごう","チハマホ","東京",,,"東京",
"幕張","まくはり","チハマリ","東京",,,"東京",
"新検見川","しんけみがわ","チハケミ","東京",,,"東京",
"稲毛","いなげ","チハケナ","東京",,,"東京",
"西千葉","にしちば","チハニチ","東京",,,"東京",
"千葉","ちば","チハチハ","東京",,,"東京",
"東千葉","ひがしちば","チハヒチ","東京",,,,
"都賀","つが","チハツカ","東京",,,,
"四街道","よつかいどう","チハヨカ","東京",,,,
"物井","ものい","チハモイ","東京",,,,
"佐倉","さくら","チハサク","東京",,,,
"南酒々井","みなみしすい","チハミス","東京",,,,
"榎戸","えのきど","チハエノ","東京",,,,
"八街","やちまた","チハヤチ","東京",,,,
"日向","ひゅうが","チハヒウ","東京",,,,
"成東","なるとう","チハナル","東京",,,,
"松尾","まつお","チハマオ","東京",,,,
"横芝","よこしば","チハヨハ","東京",,,,
"飯倉","いいぐら","チハイク","東京",,,,
"八日市場","ようかいちば","チハヨチ","東京",,,,
"干潟","ひがた","チハヒタ","東京",,,,
"（総）旭","あさひ","チハアサ","東京",,,,
"飯岡","いいおか","チハイオ","東京",,,,
"倉橋","くらはし","チハクラ","東京",,,,
"猿田","さるだ","チハサル","東京",,,,
"松岸","まつぎし","チハキシ","東京",,,,
"銚子","ちょうし","チハチヨ","東京",,,,
"両国","りょうごく","チハレウ","東京",3,,"東京","総武2"
"浅草橋","あさくさばし","チハクサ","東京",3,,"東京",
"本千葉","ほんちば","チハホハ","東京",,,,"外房"
"蘇我","そが","チハソカ","東京",,,,
"鎌取","かまとり","チハカマ","東京",,,,
"誉田","ほんだ","チハムタ","東京",,,,
"土気","とけ","チハトケ","東京",,,,
"大網","おおあみ","チハアミ","東京",,,,
"永田","ながた","チハナカ","東京",,,,
"本納","ほんのう","チハホノ","東京",,,,
"新茂原","しんもばら","チハシラ","東京",,,,
"茂原","もばら","チハモハ","東京",,,,
"八積","やつみ","チハヤミ","東京",,,,
"上総一ノ宮","かずさいちのみや","チハチミ","東京",,,,
"東浪見","とらみ","チハトラ","東京",,,,
"太東","たいとう","チハタト","東京",,,,
"長者町","ちょうじゃまち","チハチマ","東京",,,,
"三門","みかど","チハミカ","東京",,,,
"大原","おおはら","チハオハ","東京",,,,
"浪花","なみはな","チハナミ","東京",,,,
"御宿","おんじゅく","チハオン","東京",,,,
"勝浦","かつうら","チハカウ","東京",,,,
"鵜原","うばら","チハウハ","東京",,,,
"上総興津","かずさおきつ","チハツサ","東京",,,,
"行川アイランド","なめがわあいらんど","チハラン","東京",,,,
"安房小湊","あわこみなと","チハナト","東京",,,,
"安房天津","あわあまつ","チハワツ","東京",,,,
"安房鴨川","あわかもがわ","チハアワ","東京",,,,
"太海","ふとみ","チハフト","東京",,,,"内房"
"江見","えみ","チハエミ","東京",,,,
"和田浦","わだうら","チハワラ","東京",,,,
"南三原","みなみはら","チハミハ","東京",,,,
"（房）千歳","ちとせ","チハチセ","東京",,,,
"千倉","ちくら","チハチラ","東京",,,,
"九重","ここのえ","チハコノ","東京",,,,
"館山","たてやま","チハタテ","東京",,,,
"那古船形","なこふなかた","チハナコ","東京",,,,
"（房）富浦","とみうら","チハトミ","東京",,,,
"岩井","いわい","チハワイ","東京",,,,
"安房勝山","あわかつやま","チハアヤ","東京",,,,
"保田","ほた","チハホタ","東京",,,,
"浜金谷","はまかなや","チハハカ","東京",,,,
"竹岡","たけおか","チハタオ","東京",,,,
"上総湊","かずさみなと","チハミナ","東京",,,,
"佐貫町","さぬきまち","チハヌキ","東京",,,,
"大貫","おおぬき","チハオヌ","東京",,,,
"青堀","あおほり","チハホリ","東京",,,,
"君津","きみつ","チハキミ","東京",,,,
"木更津","きさらづ","チハキサ","東京",,,,
"巌根","いわね","チハイネ","東京",,,,
"袖ヶ浦","そでがうら","チハソラ","東京",,,,
"長浦","ながうら","チハウラ","東京",,,,
"姉ヶ崎","あねがさき","チハネキ","東京",,,,
"五井","ごい","チハコイ","東京",,,,
"八幡宿","やわたじゅく","チハヤク","東京",,,,
"浜野","はまの","チハマノ","東京",,,,
"酒々井","しすい","チハスイ","東京",,,,"成田"
"成田","なりた","チハナタ","東京",,,,
"久住","くずみ","チハクス","東京",,,,
"滑河","なめがわ","チハナメ","東京",,,,
"下総神崎","しもうさこうざき","チハコウ","東京",,,,
"大戸","おおと","チハオト","東京",,,,
"佐原","さわら","チハサラ","東京",,,,
"香取","かとり","チハトリ","東京",,,,
"水郷","すいごう","チハスコ","東京",,,,
"小見川","おみがわ","チハコミ","東京",,,,
"笹川","ささがわ","チハササ","東京",,,,
"下総橘","しもうさたちばな","チハシタ","東京",,,,
"下総豊里","しもうさとよさと","チハトト","東京",,,,
"椎柴","しいしば","チハシイ","東京",,,,
"下総松崎","しもうさまんざき","チハマサ","東京",,,,"成田2"
"安食","あじき","チハシキ","東京",,,,
"（成）小林","こばやし","チハヤシ","東京",,,,
"木下","きおろし","チハキオ","東京",,,,
"布佐","ふさ","チハフサ","東京",,,,
"新木","あらき","チハアラ","東京",,,,
"湖北","こほく","チハコホ","東京",,,,
"東我孫子","ひがしあびこ","チハヒコ","東京",,,,
"十二橋","じゅうにきょう","チハトニ","東京",,,,"鹿島"
"潮来","いたこ","チハイタ","東京",,,,
"延方","のぶかた","チハノフ","東京",,,,
"鹿島神宮","かしまじんぐう","チハカシ","東京",,,,
"鹿島サッカースタジアム","かしまさっかーすたじあむ","チハスタ","東京",,,,
"福俵","ふくたわら","チハフク","東京",,,,"東金"
"東金","とうがね","チハトカ","東京",,,,
"求名","ぐみょう","チハクミ","東京",,,,
"千葉みなと","ちばみなと","チハチナ","東京",,,"東京","京葉"
"稲毛海岸","いなげかいがん","チハナイ","東京",,,"東京",
"検見川浜","けみがわはま","チハケハ","東京",,,"東京",
"海浜幕張","かいひんまくはり","チハカヒ","東京",,,"東京",
"新習志野","しんならしの","チハシシ","東京",,,"東京",
"南船橋","みなみふなばし","チハミフ","東京",,,"東京",
"二俣新町","ふたまたしんまち","チハフマ","東京",,,"東京",
"市川塩浜","いちかわしおはま","チハチシ","東京",,,"東京",
"新浦安","しんうらやす","チハシウ","東京",,,"東京",
"舞浜","まいはま","チハマハ","東京",,,"東京",
"葛西臨海公園","かさいりんかいこうえん","チハカサ","東京",3,,"東京",
"新木場","しんきば","チハシハ","東京",3,,"東京",
"潮見","しおみ","チハシオ","東京",3,,"東京",
"越中島","えちゅうじま","トミエマ","東京",3,,"東京",
"八丁堀","はっちょうぼり","トミホリ","東京",3,,"東京",
"成田空港","なりたくうこう","チハクコ","東京",,,,"成田3"
"空港第2ビル","くうこうだいにびる","チハクニ","東京",,,,
"祗園","ぎおん","チハキン","東京",,,,"久留里"
"上総清川","かずさきよかわ","チハキヨ","東京",,,,
"東清川","ひがしきよかわ","チハヒキ","東京",,,,
"横田","よこた","チハヨタ","東京",,,,
"東横田","ひがしよこた","チハヒヨ","東京",,,,
"馬来田","まくた","チハマク","東京",,,,
"下郡","しもごおり","チハモコ","東京",,,,
"小櫃","おびつ","チハオヒ","東京",,,,
"俵田","たわらだ","チハラタ","東京",,,,
"久留里","くるり","チハクル","東京",,,,
"平山","ひらやま","チハヒヤ","東京",,,,
"上総松丘","かずさまつおか","チハサオ","東京",,,,
"上総亀山","かずさかめやま","チハメヤ","東京",,,,
"来宮","きのみや","トミキミ","東京",,,,"伊東"
"伊豆多賀","いずたが","トミイツ","東京",,,,
"網代","あじろ","トミアロ","東京",,,,
"宇佐美","うさみ","トミサミ","東京",,,,
"伊東","いとう","トミイト","東京",,,,
"新宿","しんじゅく","トニシク","東京",3,4,"山手","山手2"
"新大久保","しんおおくぼ","トニシオ","東京",3,4,"山手",
"高田馬場","たかだのばば","トニハハ","東京",3,4,"山手",
"目白","めじろ","トニメシ","東京",3,4,"山手",
"池袋","いけぶくろ","トキイケ","東京",3,4,"山手",
"大塚","おおつか","トキオツ","東京",3,4,"山手",
"巣鴨","すがも","トキスモ","東京",3,4,"山手",
"駒込","こまごめ","トキコメ","東京",3,4,"山手",
"板橋","いたばし","トキイハ","東京",3,,"東京","赤羽"
"十条","じゅうじょう","トキシウ","東京",3,,"東京",
"熊川","くまがわ","トニクマ","東京",,,"東京","五日市"
"東秋留","ひがしあきる","トニヒル","東京",,,"東京",
"秋川","あきがわ","トニアワ","東京",,,"東京",
"武蔵引田","むさしひきだ","トニヒキ","東京",,,"東京",
"武蔵増戸","むさしますこ","トニマス","東京",,,"東京",
"武蔵五日市","むさしいつかいち","トニムイ","東京",,,"東京",
"二戸","にのへ","モリニノ",,,,,"新幹線"
"いわて沼宮内","いわてぬまくない","モリイヌ",,,,,
"水沢江刺","みずさわえさし","モリミエ",,,,,
"くりこま高原","くりこまこうげん","センクリ",,,,,
"白石蔵王","しろいしざおう","センシサ",,,,,
"ガーラ湯沢","がーらゆざわ","ニイカラ",,,,,
"上毛高原","じょうもうこうげん","タカコケ",,,,,
"安中榛名","あんなかはるな","タカアハ",,,,,
"軽井沢","かるいざわ","ナノカル",,,,,
"小諸","こもろ","ナノコモ",,,,,
"上田","うえだ","ナノウヘ",,,,,
"本庄早稲田","ほんじょうわせだ","タカホワ",,,,,
"東京","とうきょう","トミトウ","東京",3,4,"山手","東海道"
"有楽町","ゆうらくちょう","トミラク","東京",3,4,"山手",
"新橋","しんばし","トミシン","東京",3,4,"山手",
"浜松町","はままつちょう","トミハテ","東京",3,4,"山手",
"田町","たまち","トミチタ","東京",3,4,"山手",
"品川","しながわ","トミシナ","東京",3,4,"山手",
"大井町","おおいまち","トミオマ","東京",3,,"東京",
"大森","おおもり","トミオモ","東京",3,,"東京",
"蒲田","かまた","トミカマ","東京",3,,"東京",
"川崎","かわさき","トミカワ","東京",5,,"東京",
"鶴見","つるみ","トミツミ","東京",5,,"東京",
"新子安","しんこやす","トミシヤ","東京",5,,"東京",
"東神奈川","ひがしかながわ","トミヒナ","東京",5,,"東京",
"横浜","よこはま","トミハマ","東京",5,,"東京",
"保土ヶ谷","ほどがや","トミホト","東京",5,,"東京",
"東戸塚","ひがしとつか","トミツカ","東京",5,,"東京",
"戸塚","とつか","トミトツ","東京",5,,"東京",
"大船","おおふな","トミフナ","東京",,,"東京",
"藤沢","ふじさわ","トミフワ","東京",,,,
"辻堂","つじどう","トミツト","東京",,,,
"茅ヶ崎","ちがさき","トミチサ","東京",,,,
"平塚","ひらつか","トミヒラ","東京",,,,
"大磯","おおいそ","トミオイ","東京",,,,
"二宮","にのみや","トミニノ","東京",,,,
"国府津","こうづ","トミコツ","東京",,,,
"鴨宮","かものみや","トミモノ","東京",,,,
"小田原","おだわら","トミオタ","東京",,,,
"早川","はやかわ","トミヤワ","東京",,,,
"根府川","ねぶかわ","トミネフ","東京",,,,
"真鶴","まなづる","トミマナ","東京",,,,
"湯河原","ゆがわら","トミユハ","東京",,,,
"熱海","あたみ","トミアタ","東京",,,,
,,,,,,,
"函南","かんなみ","シツカミ",,,,,
"三島","みしま","シツミシ",,,,,
"沼津","ぬまづ","シツヌマ",,,,,
"片浜","かたはま","シツハマ",,,,,
"原","はら","シツハラ",,,,,
"東田子の浦","ひがしたごのうら","シツヒタ",,,,,
"吉原","よしわら","シツヨシ",,,,,
"富士","ふじ","シツフシ",,,,,
"富士川","ふじかわ","シツフカ",,,,,
"新蒲原","しんかんばら","シツシカ",,,,,
"蒲原","かんばら","シツカラ",,,,,
"由比","ゆい","シツユイ",,,,,
"興津","おきつ","シツオキ",,,,,
"清水","しみず","シツシミ",,,,,
"草薙","くさなぎ","シツクサ",,,,,
"東静岡","ひがししずおか","シツヒシ",,,,,
"静岡","しずおか","シツシツ",,,,,
"安倍川","あべかわ","シツアヘ",,,,,
"用宗","もちむね","シツムネ",,,,,
"焼津","やいづ","シツヤツ",,,,,
"西焼津","にしやいづ","シツニヤ",,,,,
"藤枝","ふじえだ","シツフエ",,,,,
"六合","ろくごう","シツロコ",,,,,
"（東）島田","しまだ","シツシマ",,,,,
"金谷","かなや","シツカヤ",,,,,
"菊川","きくがわ","シツキク",,,,,
"掛川","かけがわ","シツカケ",,,,,
"愛野","あいの","シツアイ",,,,,
"袋井","ふくろい","シツロイ",,,,,
"磐田","いわた","シツワタ",,,,,
"豊田町","とよだちょう","シツトタ",,,,,
"天竜川","てんりゅうがわ","シツテワ",,,,,
"浜松","はままつ","シツハツ",,,,,
"高塚","たかつか","シツタツ",,,,,
"舞阪","まいさか","シツマカ",,,,,
"弁天島","べんてんじま","シツヘン",,,,,
"新居町","あらいまち","シツアチ",,,,,
"鷲津","わしづ","シツワシ",,,,,
"新所原","しんじょはら","シツシハ",,,,,
"二川","ふたがわ","シツフタ",,,,,
"豊橋","とよはし","シツトヨ",,,,,
"西小坂井","にしこざかい","ナコシサ",,,,,
"愛知御津","あいちみと","ナコアミ",,,,,
"三河大塚","みかわおおつか","ナコツカ",,,,,
"三河三谷","みかわみや","ナコミミ",,,,,
"蒲郡","がまごおり","ナココリ",,,,,
"三河塩津","みかわしおつ","ナコミツ",,,,,
"三ヶ根","さんがね","ナコサネ",,,,,
"幸田","こうだ","ナココタ",,,,,
"岡崎","おおざき","ナコオカ",,,,,
"西岡崎","にしおかざき","ナコニオ",,,,,
"安城","あんじょう","ナコアン",,,,,
"三河安城","みかわあんじょう","ナコミワ",,,,,
"東刈谷","ひがしかりや","ナコヒリ",,,,,
"野田新町","のだしんまち","ナコノマ",,,,,
"刈谷","かりや","ナコカリ",,,,,
"逢妻","あいづま","ナコツマ",,,,,
"大府","おおぶ","ナコオフ",,,,,
"共和","きょうわ","ナコキワ",,,,,
"南大高","みなみおおだか","ナコミホ",,6,,,
"大高","おおだか","ナコホタ",,6,,,
"笠寺","かさでら","ナコサラ",,6,,,
"熱田","あつた","ナコアツ",,6,,,
"（中）金山","かなやま","ナコナヤ",,6,,,
"尾頭橋","おとうばし","ナコオト",,6,,,
"名古屋","なごや","ナコナコ",,6,,,
"枇杷島","びわじま","ナコヒワ",,,,,
"清洲","きよす","ナコキス",,,,,
"稲沢","いなざわ","ナコイナ",,,,,
"尾張一宮","おわりいちのみや","ナコイチ",,,,,
"木曽川","きそがわ","ナコソカ",,,,,
"岐阜","ぎふ","ナコキフ",,,,,
"西岐阜","にしぎふ","ナコニキ",,,,,
"穂積","ほづみ","ナコホミ",,,,,
"大垣","おおがき","ナコカキ",,,,,
"垂井","たるい","ナコタル",,,,,
"関ヶ原","せきがはら","ナコセラ",,,,,
"（東）柏原","かしわばら","ナコワハ",,,,,
"近江長岡","おうみながおか","ナコウナ",,,,,
"醒ヶ井","さめがい","ナコサイ",,,,,
"米原","まいばら","オサマイ","大阪",,,,
"彦根","ひこね","オサヒコ","大阪",,,,
"南彦根","みなみひこね","オサミヒ","大阪",,,,
"河瀬","かわせ","オサカセ","大阪",,,,
"稲枝","いなえ","オサイナ","大阪",,,,
"能登川","のとがわ","オサノト","大阪",,,,
"安土","あづち","オサアツ","大阪",,,,
"近江八幡","おうみはちまん","オサマン","大阪",,,,
"篠原","しのはら","オサシノ","大阪",,,,
"野洲","やす","オサヤス","大阪",,,,
"守山","もりやま","オサモリ","大阪",,,,
"栗東","りっとう","オサリト","大阪",,,,
"草津","くさつ","オサクサ","大阪",,,,
"南草津","みなみくさつ","オサミク","大阪",,,,
"（東）瀬田","せた","オサセタ","大阪",,,,
"石山","いしやま","オサイシ","大阪",,,,
"膳所","ぜぜ","オサセセ","大阪",,,,
"大津","おおつ","オサオツ","大阪",,,,
"山科","やましな","オサヤシ","大阪",7,,,
"京都","きょうと","オサキト","大阪",7,,"大阪",
"西大路","にしおおじ","オサニオ","大阪",7,,"大阪",
"（東）桂川","かつらがわ","オサカツ","大阪",7,,"大阪",
"向日町","むこうまち","オサムコ","大阪",,,"大阪",
"長岡京","ながおかきょう","オサナキ","大阪",,,"大阪",
"（東）山崎","やまざき","オサヤサ","大阪",,,"大阪",
"島本","しまもと","オサシモ","大阪",,,"大阪",
"高槻","たかつき","オサタツ","大阪",,,"大阪",
"摂津富田","せっつとんだ","オサトタ","大阪",,,"大阪",
"茨木","いばらき","オサイハ","大阪",,,"大阪",
"千里丘","せんりおか","オサセオ","大阪",,,"大阪",
"岸辺","きしべ","オサキヘ","大阪",,,"大阪",
"吹田","すいた","オサスイ","大阪",,,"大阪",
"東淀川","ひがしよどがわ","オサヒヨ","大阪",8,,"大阪",
"新大阪","しんおおさか","オサシオ","大阪",8,,"大阪",
"大阪","おおさか","オサオサ","大阪",8,,"大阪環状",
"塚本","つかもと","オサツモ","大阪",8,,"大阪",
"尼崎","あまがさき","オサアマ","大阪",,,"大阪",
"立花","たちばな","オサタチ","大阪",,,"大阪",
"甲子園口","こうしえんぐち","オサコシ","大阪",,,"大阪",
"西宮","にしのみや","オサニシ","大阪",,,"大阪",
"さくら夙川","さくらしゅくがわ","オサシク","大阪",,,"大阪",
"芦屋","あしや","オサアシ","大阪",,,"大阪",
"甲南山手","こうなんやまて","オサコヤ","大阪",9,,"大阪",
"摂津本山","せっつもとやま","オサモヤ","大阪",9,,"大阪",
"（東）住吉","すみよし","オサスミ","大阪",9,,"大阪",
"六甲道","ろっこうみち","オサロコ","大阪",9,,"大阪",
"灘","なだ","オサナタ","大阪",9,,"大阪",
"三ノ宮","さんのみや","オササン","大阪",9,,"大阪",
"元町","もとまち","オサモト","大阪",9,,"大阪",
"神戸","こうべ","オサコヘ","大阪",9,,"大阪",
"兵庫","ひょうご","オサヘウ","大阪",9,,"大阪","山陽1"
"新長田","しんながた","オサシナ","大阪",9,,"大阪",
"鷹取","たかとり","オサタカ","大阪",9,,"大阪",
"須磨海浜公園","すまかいひんこうえん","オサスコ","大阪",9,,"大阪",
"須磨","すま","オサスマ","大阪",9,,"大阪",
"塩屋","しおや","オサシヤ","大阪",9,,"大阪",
"垂水","たるみ","オサタル","大阪",9,,"大阪",
"舞子","まいこ","オサマコ","大阪",9,,"大阪",
"朝霧","あさぎり","オサアサ","大阪",,,"大阪",
"明石","あかし","オサアカ","大阪",,,"大阪",
"西明石","にしあかし","オサニア","大阪",,,"大阪",
"（陽）大久保","おおくぼ","オサオク","大阪",,,,
"魚住","うおずみ","オサウオ","大阪",,,,
"土山","つちやま","オサツチ","大阪",,,,
"東加古川","ひがしかこがわ","オサヒカ","大阪",,,,
"加古川","かこがわ","オサカコ","大阪",,,,
"宝殿","ほうでん","オサホウ","大阪",,,,
"曽根","そね","オサソネ","大阪",,,,
"ひめじ別所","ひめじべっしょ","オサヘシ","大阪",,,,
"御着","ごちゃく","オサコチ","大阪",,,,
"姫路","ひめじ","オサヒメ","大阪",,,,
"英賀保","あがほ","オサアホ","大阪",,,,
"はりま勝原","はりまかつはら","オサハリ","大阪",,,,
"網干","あぼし","オサホシ","大阪",,,,
"竜野","たつの","オサタヌ","大阪",,,,
"相生","あいおい","オサアイ","大阪",,,,
"有年","うね","オサウネ",,,,,
"上郡","かみごおり","オサカミ",,,,,
"三石","みついし","オカミイ",,,,,
"吉永","よしなが","オカヨカ",,,,,
"和気","わけ","オカワケ",,,,,
"熊山","くまやま","オカクヤ",,,,,
"万富","まんとみ","オカマト",,,,,
"瀬戸","せと","オカセト",,,,,
"（陽）上道","じょうとう","オカチト",,,,,
"東岡山","ひがしおかやま","オカヒオ",,,,,
"高島","たかしま","オカタマ",,,,,
"西川原","にしがわら","オカシワ",,,,,
"岡山","おかやま","オカオカ",,,,,
"北長瀬","きたながせ","オカキナ",,,,,
"庭瀬","にわせ","オカニワ",,,,,
"中庄","なかしょう","オカナシ",,,,,
"倉敷","くらしき","オカクラ",,,,,
"西阿知","にしあち","オカニア",,,,,
"新倉敷","しんくらしき","オカシク",,,,,
"金光","こんこう","オカココ",,,,,
"鴨方","かもがた","オカモタ",,,,,
"里庄","さとしょう","オカサト",,,,,
"笠岡","かさおか","オカカサ",,,,,
"大門","だいもん","オカモン",,,,,
"東福山","ひがしふくやま","オカヒフ",,,,,
"福山","ふくやま","オカフク",,,,,
"備後赤坂","びんごあかさか","オカアカ",,,,,
"松永","まつなが","オカツカ",,,,,
"東尾道","ひがしおのみち","オカヒチ",,,,,
"尾道","おのみち","オカミチ",,,,,
"糸崎","いとざき","オカイト",,,,,
"三原","みはら","ヒロミハ",,,,,
"本郷","ほんごう","ヒロホン",,,,,
"河内","こうち","ヒロコウ",,,,,
"（陽）入野","にゅうの","ヒロニユ",,,,,
"白市","しらいち","ヒロシラ",,,,,
"西高屋","にしたかや","ヒロニヤ",,,,,
"（陽）西条","さいじょう","ヒロサセ",,,,,
"八本松","はちほんまつ","ヒロハチ",,,,,
"瀬野","せの","ヒロセノ",,10,,,
"中野東","なかのひがし","ヒロナヒ",,10,,,
"安芸中野","あきなかの","ヒロナノ",,10,,,
"海田市","かいたいち","ヒロカタ",,10,,,
"向洋","むかいなだ","ヒロナタ",,10,,,
"天神川","てんじんがわ","ヒロテン",,10,,,
"広島","ひろしま","ヒロヒロ",,10,,,
"（陽）横川","よこがわ","ヒロヨワ",,10,,,
"西広島","にしひろしま","ヒロニヒ",,10,,,
"新井口","しんいのくち","ヒロノク",,10,,,
"五日市","いつかいち","ヒロイカ",,10,,,
"廿日市","はつかいち","ヒロハツ",,,,,
"宮内串戸","みやうちくしど","ヒロクト",,,,,
"阿品","あじな","ヒロシナ",,,,,
"宮島口","みやじまぐち","ヒロミク",,,,,
"前空","まえぞら","ヒロソラ",,,,,
"大野浦","おおのうら","ヒロノラ",,,,,
"玖波","くば","ヒロクハ",,,,,
"大竹","おおたけ","ヒロオケ",,,,,
"和木","わき","ヒロワキ",,,,,
"岩国","いわくに","ヒロクニ",,,,,
"南岩国","みなみいわくに","ヒロミイ",,,,,
"藤生","ふじゅう","ヒロフフ",,,,,
"通津","つづ","ヒロツツ",,,,,
"由宇","ゆう","ヒロユウ",,,,,
"（陽）神代","こうじろ","ヒロコロ",,,,,
"大畠","おおばたけ","ヒロオハ",,,,,
"柳井港","やないみなと","ヒロヤミ",,,,,
"柳井","やない","ヒロヤイ",,,,,
"田布施","たぶせ","ヒロタフ",,,,,
"岩田","いわた","ヒロイワ",,,,,
"（陽）島田","しまた","ヒロシマ",,,,,
"光","ひかり","ヒロカリ",,,,,
"（陽）下松","くだまつ","ヒロクタ",,,,,
"櫛ケ浜","くしがはま","ヒロクシ",,,,,
"徳山","とくやま","ヒロトマ",,,,,
"新南陽","しんなんよう","ヒロナヨ",,,,,
"福川","ふくがわ","ヒロフワ",,,,,
"（陽）戸田","へた","ヒロヘタ",,,,,
"富海","とのみ","ヒロトノ",,,,,
"防府","ほうふ","ヒロホフ",,,,,
"大道","だいどう","ヒロタイ",,,,,
"四辻","よつつじ","ヒロツシ",,,,,
"新山口","しんやまぐち","ヒロコリ",,,,,
"嘉川","かがわ","ヒロカワ",,,,,
"本由良","ほんゆら","ヒロユラ",,,,,
"厚東","ことう","ヒロコト",,,,,
"宇部","うべ","ヒロウヘ",,,,,
"小野田","おのだ","ヒロオノ",,,,,
"厚狭","あさ","ヒロアサ",,,,,
"埴生","はぶ","ヒロハフ",,,,,
"小月","おづき","ヒロオツ",,,,,
"長府","ちょうふ","ヒロチヨ",,,,,
"新下関","しんしものせき","ヒロシセ",,,,,
"幡生","はたぶ","ヒロハタ",,,,,
"下関","しものせき","ヒロセキ",,,,,
"和田岬","わだみさき","オサワミ","大阪",9,,,"山陽2"
"畠田","はたけだ","テンハケ","大阪",,,,"和歌山"
"志都美","しずみ","テンシス","大阪",,,,
"香芝","かしば","テンシモ","大阪",,,,
"JR五位堂","じぇいあーるごいどう","テンコイ","大阪",,,,
"（和）高田","たかだ","テンタタ","大阪",,,,
"大和新庄","やまとしんじょう","テンヤシ","大阪",,,,
"御所","ごせ","テンコセ","大阪",,,,
"玉手","たまで","テンタテ","大阪",,,,
"掖上","わきがみ","テンワキ","大阪",,,,
"吉野口","よしのぐち","テンヨノ","大阪",,,,
"北宇智","きたうち","テンキタ","大阪",,,,
"五条","ごじょう","テンコテ","大阪",,,,
"大和二見","やまとふたみ","テンフタ","大阪",,,,
"隅田","すだ","テンスタ","大阪",,,,
"下兵庫","しもひょうご","テンシヒ","大阪",,,,
"（和）橋本","はしもと","テンハモ","大阪",,,,
"紀伊山田","きいやまだ","テンキヤ","大阪",,,,
"高野口","こうやぐち","テンコク","大阪",,,,
"中飯降","なかいぶり","テンナリ","大阪",,,,
"妙寺","みょうじ","テンメウ","大阪",,,,
"（和）大谷","おおたに","テンオタ","大阪",,,,
"笠田","かせだ","テンセタ","大阪",,,,
"西笠田","にしかせだ","テンニカ","大阪",,,,
"名手","なて","テンナテ","大阪",,,,
"粉河","こかわ","テンコワ","大阪",,,,
"紀伊長田","きいながた","テンキカ","大阪",,,,
"打田","うちた","テンチタ","大阪",,,,
"下井阪","しもいさか","テンシイ","大阪",,,,
"岩出","いわで","テンイテ","大阪",,,,
"船戸","ふなと","テンフナ","大阪",,,,
"紀伊小倉","きいおぐら","テンキオ","大阪",,,,
"布施屋","ほしや","テンホヤ","大阪",,,,
"千旦","せんだ","テンセン","大阪",,,,
"田井ノ瀬","たいのせ","テンノセ","大阪",,,,
"京終","きょうばて","テンハテ","大阪",,,,"桜井"
"帯解","おびとけ","テントケ","大阪",,,,
"櫟本","いちのもと","テンチモ","大阪",,,,
"天理","てんり","テンテリ","大阪",,,,
"長柄","ながら","テンナカ","大阪",,,,
"柳本","やなぎもと","テンヤモ","大阪",,,,
"巻向","まきむく","テンマキ","大阪",,,,
"三輪","みわ","テンミワ","大阪",,,,
"桜井","さくらい","テンサク","大阪",,,,
"香久山","かぐやま","テンカク","大阪",,,,
"畝傍","うねび","テンウヒ","大阪",,,,
"金橋","かなはし","テンカハ","大阪",,,,
"西木津","にしきづ","オサニス","大阪",,,,"片町"
"祝園","ほうその","オサホソ","大阪",,,,
"下狛","しもこま","オサコマ","大阪",,,,
"ＪＲ三山木","じぇいあーるみやまき","オサミマ","大阪",,,,
"同志社前","どうししゃまえ","オサトシ","大阪",,,,
"京田辺","きょうたなべ","オサキナ","大阪",,,,
"大住","おおすみ","オサオス","大阪",,,,
"松井山手","まついやまて","オサマヤ","大阪",,,,
"長尾","ながお","オサナオ","大阪",,,"大阪",
"藤阪","ふじさか","オサフサ","大阪",,,"大阪",
"津田","つだ","オサツタ","大阪",,,"大阪",
"河内磐船","かわちいわふね","オサカイ","大阪",,,"大阪",
"星田","ほしだ","オサホタ","大阪",,,"大阪",
"東寝屋川","ひがしねやがわ","オサヒヤ","大阪",,,"大阪",
"忍ヶ丘","しのぶがおか","オサシフ","大阪",,,"大阪",
"四条畷","しじょうなわて","オサシワ","大阪",,,"大阪",
"（片）野崎","のざき","オサノキ","大阪",,,"大阪",
"住道","すみのどう","オサスト","大阪",,,"大阪",
"鴻池新田","こうのいけしんでん","オサコケ","大阪",,,"大阪",
"徳庵","とくあん","オサアン","大阪",,,"大阪",
"放出","はなてん","オサハナ","大阪",8,,"大阪",
"鴫野","しぎの","オサシキ","大阪",8,,"大阪",
"京橋","きょうばし","オサキハ","大阪",8,,"大阪",
"大阪城北詰","おおさかじょうきたづめ","オサオキ","大阪",8,,"大阪","JR東西"
"大阪天満宮","おおさかてんまんぐう","オサオテ","大阪",8,,"大阪",
"北新地","きたしんち","オサシチ","大阪",8,,"大阪",
"新福島","しんふくしま","オサフシ","大阪",8,,"大阪",
"海老江","えびえ","オサエヒ","大阪",8,,"大阪",
"御幣島","みてじま","オサミテ","大阪",8,,"大阪",
"加島","かしま","オサカマ","大阪",8,,"大阪",
"天満","てんま","オサテマ","大阪",8,,"大阪環状","大阪環状"
"桜ノ宮","さくらのみや","オササラ","大阪",8,,"大阪環状",
"大阪城公園","おおさかじょうこうえん","オサオシ","大阪",8,,"大阪環状",
"森ノ宮","もりのみや","オサモミ","大阪",8,,"大阪環状",
"玉造","たまつくり","オサツリ","大阪",8,,"大阪環状",
"鶴橋","つるはし","オサツハ","大阪",8,,"大阪環状",
"桃谷","ももだに","オサモニ","大阪",8,,"大阪環状",
"寺田町","てらだちょう","オサテタ","大阪",8,,"大阪環状",
"芦原橋","あしはらばし","テンアラ","大阪",8,,"大阪環状",
"大正","たいしょう","テンタセ","大阪",8,,"大阪環状",
"弁天町","べんてんちょう","テンヘテ","大阪",8,,"大阪環状",
"西九条","にしくじょう","オサニク","大阪",8,,"大阪環状",
"野田","のだ","オサノタ","大阪",8,,"大阪環状",
"（環）福島","ふくしま","オサフク","大阪",8,,"大阪環状",
"安治川口","あじかわぐち","オサアク","大阪",8,,"大阪環状","桜島"
"ユニバーサルシティ","ゆにばーさるしてぃ","オサユニ","大阪",8,,"大阪環状",
"桜島","さくらじま","オササマ","大阪",8,,"大阪環状",
"日岡","ひおか","オサヒオ","大阪",,,,"加古川"
"神野","かんの","オサカノ","大阪",,,,
"厄神","やくじん","オサヤク","大阪",,,,
"市場","いちば","オサイチ","大阪",,,,
"小野町","おのまち","オサノマ","大阪",,,,
"粟生","あお","オサアオ","大阪",,,,
"河合西","かわいにし","オサカニ","大阪",,,,
"青野ヶ原","あおのがはら","オサアノ","大阪",,,,
"社町","やしろちょう","オサヤマ","大阪",,,,
"滝野","たきの","オサタノ","大阪",,,,
"（加）滝","たき","オサタキ","大阪",,,,
"西脇市","にしわきし","オサワキ","大阪",,,,
"新西脇","しんにしわき","オサニワ","大阪",,,,
"比延","ひえ","オサヒエ","大阪",,,,
"日本へそ公園","にほんへそこうえん","オサヘソ","大阪",,,,
"黒田庄","くろだしょう","オサクロ","大阪",,,,
"本黒田","ほんくろだ","オサホク","大阪",,,,
"船町口","ふなまちぐち","オサフナ","大阪",,,,
"久下村","くげむら","オサクケ","大阪",,,,
"京口","きょうぐち","オサキチ",,,,,"播但"
"野里","のざと","オサノサ",,,,,
"砥堀","とほり","オサホリ",,,,,
"仁豊野","にぶの","オサニノ",,,,,
"香呂","こうろ","フチコロ",,,,,
"溝口","みぞぐち","フチミソ",,,,,
"福崎","ふくさき","フチフサ",,,,,
"甘地","あまじ","フチアチ",,,,,
"鶴居","つるい","フチツイ",,,,,
"（播）新野","にいの","フチニノ",,,,,
"寺前","てらまえ","フチテラ",,,,,
"（播）長谷","はせ","フチハセ",,,,,
"（播）生野","いくの","フチイク",,,,,
"（播）新井","にい","フチニイ",,,,,
"青倉","あおくら","フチアオ",,,,,
"竹田","たけだ","フチケタ",,,,,
"播磨高岡","はりまたかおか","オサタオ",,,,,"姫新"
"余部","よべ","オサヨヘ",,,,,
"太市","おおいち","オサオチ",,,,,
"本竜野","ほんたつの","オサホノ",,,,,
"東觜崎","ひがしはしさき","オサヒハ",,,,,
"播磨新宮","はりましんぐう","オサハシ",,,,,
"千本","せんぼん","オサセン",,,,,
"西栗栖","にしくりす","オサクリ",,,,,
"三日月","みかづき","オサミカ",,,,,
"播磨徳久","はりまとくさ","オサトク",,,,,
"佐用","さよ","オササヨ",,,,,
"上月","こうづき","オサコツ",,,,,
"美作土居","みまさかどい","オカトイ",,,,,
"美作江見","みまさかえみ","オカミエ",,,,,
"楢原","ならはら","オカナハ",,,,,
"林野","はやしの","オカハノ",,,,,
"勝間田","かつまだ","オカマタ",,,,,
"西勝間田","にしかつまだ","オカニマ",,,,,
"美作大崎","みまさかおおさき","オカミオ",,,,,
"東津山","ひがしつやま","オカヒツ",,,,,
"津山","つやま","オカツヤ",,,,,
"院庄","いんのしょう","オカイン",,,,,
"美作千代","みまさかせんだい","オカセイ",,,,,
"坪井","つぼい","オカツホ",,,,,
"美作追分","みまさかおいわけ","オカオワ",,,,,
"美作落合","みまさかおちあい","オカチア",,,,,
"古見","こみ","オカコミ",,,,,
"久世","くせ","オカクセ",,,,,
"中国勝山","ちゅうごくかつやま","オカカヤ",,,,,
"月田","つきだ","オカツキ",,,,,
"富原","とみはら","オカトミ",,,,,
"刑部","おさかべ","オカカヘ",,,,,
"丹治部","たじべ","オカタチ",,,,,
"岩山","いわやま","オカイハ",,,,,
"高野","たかの","ヨナカノ",,,,,"因美"
"美作滝尾","みまさかたきお","ヨナミタ",,,,,
"三浦","みうら","ヨナミラ",,,,,
"美作加茂","みまさかかも","ヨナミカ",,,,,
"知和","ちわ","ヨナチワ",,,,,
"美作河井","みまさかかわい","ヨナカイ",,,,,
"那岐","なぎ","ヨナナキ",,,,,
"土師","はじ","ヨナハチ",,,,,
"智頭","ちず","ヨナチツ",,,,,
"因幡社","いなばやしろ","ヨナヤロ",,,,,
"用瀬","もちがせ","ヨナモチ",,,,,
"鷹狩","たかがり","ヨナカリ",,,,,
"国英","くにふさ","ヨナクニ",,,,,
"河原","かわはら","ヨナカハ",,,,,
"郡家","こおげ","ヨナコケ",,,,,
"東郡家","ひがしこおげ","ヨナヒケ",,,,,
"津ノ井","つのい","ヨナノイ",,,,,
"津山口","つやまぐち","オカツク",,,,,"津山"
"佐良山","さらやま","オカサラ",,,,,
"亀甲","かめのこう","オカカメ",,,,,
"小原","おばら","オカオハ",,,,,
"誕生寺","たんじょうじ","オカタウ",,,,,
"弓削","ゆげ","オカユケ",,,,,
"神目","こうめ","オカカウ",,,,,
"福渡","ふくわたり","オカワタ",,,,,
"建部","たけべ","オカタヘ",,,,,
"金川","かながわ","オカカワ",,,,,
"野々口","ののくち","オカノノ",,,,,
"牧山","まきやま","オカキマ",,,,,
"玉柏","たまがし","オカカシ",,,,,
"備前原","びぜんはら","オカヒハ",,,,,
"法界院","ほうかいいん","オカホカ",,,,,
"備前三門","びぜんみかど","オカミカ",,,,,"吉備"
"大安寺","だいあんじ","オカタア",,,,,
"備前一宮","びぜんいちのみや","オカノミ",,,,,
"吉備津","きびつ","オカキヒ",,,,,
"備中高松","びっちゅうたかまつ","オカカマ",,,,,
"足守","あしもり","オカアモ",,,,,
"服部","はっとり","オカハト",,,,,
"東総社","ひがしそうじゃ","オカヒソ",,,,,
"西相生","にしあいおい","オサニイ","大阪",,,,"赤穂"
"坂越","さこし","オササシ","大阪",,,,
"播州赤穂","ばんしゅうあこう","オサハア","大阪",,,,
"天和","てんわ","オサテワ",,,,,
"備前福河","びぜんふくかわ","オカフカ",,,,,
"寒河","そうご","オカソコ",,,,,
"日生","ひなせ","オカヒナ",,,,,
"伊里","いり","オカイリ",,,,,
"備前片上","びぜんかたかみ","オカカミ",,,,,
"西片上","にしかたかみ","オカニカ",,,,,
"伊部","いんべ","オカイヘ",,,,,
"香登","かがと","オカカカ",,,,,
"長船","おさふね","オカフネ",,,,,
"邑久","おく","オカオク",,,,,
"大富","おおどみ","オカオト",,,,,
"西大寺","さいだいじ","オカサシ",,,,,
"大多羅","おおだら","オカタラ",,,,,
"博労町","ばくろうまち","ヨナハロ",,,,,"境"
"富士見町","ふじみちょう","ヨナフミ",,,,,
"後藤","ごとう","ヨナトウ",,,,,
"三本松口","さんぼんまつぐち","ヨナサマ",,,,,
"河崎口","かわさきぐち","ヨナクチ",,,,,
"弓ヶ浜","ゆみがはま","ヨナユミ",,,,,
"和田浜","わだはま","ヨナワタ",,,,,
"御崎口","みさきぐち","ヨナミサ",,,,,
"大篠津","おおしのづ","ヨナノツ",,,,,
"中浜","なかはま","ヨナナマ",,,,,
"高松町","たかまつちょう","ヨナタチ",,,,,
"余子","あまりこ","ヨナアマ",,,,,
"（境）上道","あがりみち","ヨナアミ",,,,,
"馬場崎町","ばばさきちょう","ヨナハサ",,,,,
"境港","さかいみなと","ヨナサヒ",,,,,
"大元","おおもと","オカオモ",,,,,"宇野"
"備前西市","びぜんにしいち","オカニシ",,,,,
"妹尾","せのお","オカノオ",,,,,
"備中箕島","びっちゅうみしま","オカミマ",,,,,
"早島","はやしま","オカハヤ",,,,,
"久々原","くぐはら","オカクク",,,,,
"茶屋町","ちゃやまち","オカチヤ",,,,,
"彦崎","ひこさき","オカヒコ",,,,,
"備前片岡","びぜんかたおか","オカカタ",,,,,
"迫川","はざかわ","オカハサ",,,,,
"常山","つねやま","オカツネ",,,,,
"八浜","はちはま","オカハハ",,,,,
"備前田井","びぜんたい","オカタイ",,,,,
"宇野","うの","オカウノ",,,,,
"植松","うえまつ","オカウマ",,,,,"本四備讃"
"木見","きみ","オカキミ",,,,,
"上の町","かみのちょう","オカカノ",,,,,
"児島","こじま","オカコシ",,,,,
"須波","すなみ","ヒロスナ",,,,,"呉"
"安芸幸崎","あきさいざき","ヒロササ",,,,,
"忠海","ただのうみ","ヒロノミ",,,,,
"安芸長浜","あきながはま","ヒロナハ",,,,,
"大乗","おおのり","ヒロノリ",,,,,
"竹原","たけはら","ヒロケラ",,,,,
"吉名","よしな","ヒロヨナ",,,,,
"安芸津","あきつ","ヒロキツ",,,,,
"風早","かざはや","ヒロカサ",,,,,
"安浦","やすうら","ヒロウラ",,,,,
"安登","あと","ヒロアト",,,,,
"安芸川尻","あきかわじり","ヒロシリ",,,,,
"仁方","にがた","ヒロニタ",,,,,
"広","ひろ","ヒロクヒ",,,,,
"新広","しんひろ","ヒロシン",,,,,
"安芸阿賀","あきあが","ヒロアア",,,,,
"呉","くれ","ヒロクレ",,,,,
"川原石","かわらいし","ヒロカラ",,,,,
"吉浦","よしうら","ヒロヨラ",,,,,
"かるが浜","かるがはま","ヒロカマ",,,,,
"天応","てんのう","ヒロノウ",,,,,
"呉ポートピア","くれぽーとぴあ","ヒロクア",,,,,
"小屋浦","こやうら","ヒロコヤ",,,,,
"水尻","みずしり","ヒロスシ",,,,,
"坂","さか","ヒロサカ",,,,,
"矢野","やの","ヒロヤノ",,,,,
"坂根","さかね","オカサネ",,,,,"芸備"
"市岡","いちおか","オカイチ",,,,,
"矢神","やがみ","オカヤカ",,,,,
"野馳","のち","オカノチ",,,,,
"東城","とうじょう","オカトセ",,,,,
"備後八幡","びんごやわた","オカヒヤ",,,,,
"内名","うちな","オカウチ",,,,,
"小奴可","おぬか","オカオヌ",,,,,
"道後山","どうごやま","オカトコ",,,,,
"備後落合","びんごおちあい","オカチイ",,,,,
"比婆山","ひばやま","オカヒマ",,,,,
"備後西城","びんごさいじょう","オカヒサ",,,,,
"平子","ひらこ","オカヒラ",,,,,
"高","たか","オカタカ",,,,,
"備後庄原","びんごしょうばら","オカシハ",,,,,
"備後三日市","びんごみっかいち","オカミツ",,,,,
"七塚","ななつか","オカナナ",,,,,
"山ノ内","やまのうち","オカヤチ",,,,,
"下和知","しもわち","オカワチ",,,,,
"塩町","しおまち","オカシチ",,,,,
"神杉","かみすぎ","ヒロミス",,,,,
"八次","やつぎ","ヒロヤキ",,,,,
"三次","みよし","ヒロミヨ",,,,,
"西三次","にしみよし","ヒロニヨ",,,,,
"志和地","しわち","ヒロシワ",,,,,
"上川立","かみかわたち","ヒロカチ",,,,,
"甲立","こうたち","ヒロコタ",,,,,
"吉田口","よしだぐち","ヒロヨチ",,,,,
"向原","むかいはら","ヒロムハ",,,,,
"井原市","いばらいち","ヒロイチ",,,,,
"志和口","しわぐち","ヒロシク",,,,,
"上三田","かみみた","ヒロカミ",,,,,
"中三田","なかみた","ヒロナミ",,,,,
"白木山","しらきやま","ヒロラキ",,,,,
"狩留家","かるが","ヒロカル",,,,,
"上深川","かみふかわ","ヒロカフ",,,,,
"中深川","なかふかわ","ヒロナフ",,,,,
"下深川","しもふかわ","ヒロフカ",,,,,
"玖村","くむら","ヒロクム",,,,,
"安芸矢口","あきやぐち","ヒロヤチ",,,,,
"戸坂","へさか","ヒロヘサ",,,,,
"矢賀","やが","ヒロヤカ",,,,,
"南宍道","みなみしんじ","ヨナミシ",,,,,"木次"
"加茂中","かもなか","ヨナカナ",,,,,
"幡屋","はたや","ヨナハヤ",,,,,
"出雲大東","いずもだいとう","ヨナタト",,,,,
"南大東","みなみだいとう","ヨナミナ",,,,,
"木次","きすき","ヨナキス",,,,,
"日登","ひのぼり","ヨナヒノ",,,,,
"下久野","しもくの","ヨナクノ",,,,,
"出雲八代","いずもやしろ","ヨナヤシ",,,,,
"出雲三成","いずもみなり","ヨナナリ",,,,,
"亀嵩","かめだけ","ヨナカタ",,,,,
"出雲横田","いずもよこた","ヨナヨコ",,,,,
"八川","やかわ","ヨナヤカ",,,,,
"出雲坂根","いずもさかね","ヨナサカ",,,,,
"三井野原","みいのはら","ヨナミノ",,,,,
"油木","ゆき","ヨナユキ",,,,,
"備後本庄","びんごほんじょう","オカヒホ",,,,,"福塩"
"横尾","よこお","オカヨコ",,,,,
"神辺","かんなべ","オカカン",,,,,
"湯田村","ゆだむら","オカユム",,,,,
"道上","みちのうえ","オカチウ",,,,,
"万能倉","まなぐら","オカマナ",,,,,
"駅家","えきや","オカエヤ",,,,,
"近田","ちかた","オカチカ",,,,,
"戸手","とで","オカトテ",,,,,
"上戸手","かみとで","オカカト",,,,,
"新市","しんいち","オカシイ",,,,,
"高木","たかぎ","オカカキ",,,,,
"鵜飼","うかい","オカウカ",,,,,
"（塩）府中","ふちゅう","オカフチ",,,,,
"下川辺","しもかわべ","オカシカ",,,,,
"中畑","なかはた","オカナカ",,,,,
"河佐","かわさ","オカワサ",,,,,
"備後三川","びんごみかわ","オカヒミ",,,,,
"備後矢野","びんごやの","オカヒノ",,,,,
"上下","じょうげ","オカシケ",,,,,
"甲奴","こうぬ","オカコヌ",,,,,
"梶田","かじた","オカシタ",,,,,
"備後安田","びんごやすだ","オカスタ",,,,,
"吉舎","きさ","オカキサ",,,,,
"三良坂","みらさか","オカミラ",,,,,
"江津本町","ごうつほんまち","ヨナコチ",,,,,"三江"
"千金","ちがね","ヨナチカ",,,,,
"川平","かわひら","ヨナカヒ",,,,,
"川戸","かわど","ヨナカト",,,,,
"田津","たづ","ヨナタツ",,,,,
"石見川越","いわみかわごえ","ヨナコエ",,,,,
"鹿賀","しかが","ヨナカカ",,,,,
"因原","いんばら","ヨナイン",,,,,
"石見川本","いわみかわもと","ヨナカモ",,,,,
"木路原","きろはら","ヨナキラ",,,,,
"竹","たけ","ヨナタケ",,,,,
"乙原","おんばら","ヨナオン",,,,,
"石見簗瀬","いわみやなぜ","ヨナヤセ",,,,,
"明塚","あかつか","ヨナアツ",,,,,
"粕淵","かすぶち","ヨナカフ",,,,,
"浜原","はまはら","ヨナハラ",,,,,
"沢谷","さわだに","ヨナサタ",,,,,
"潮","うしお","ヨナウシ",,,,,
"石見松原","いわみまつばら","ヨナマハ",,,,,
"石見都賀","いわみつが","ヨナツカ",,,,,
"宇都井","うづい","ヨナウイ",,,,,
"伊賀和志","いかわし","ヨナイワ",,,,,
"口羽","くちば","ヒロチハ",,,,,
"江平","ごうびら","ヒロコラ",,,,,
"作木口","さくぎつぎ","ヒロサク",,,,,
"香淀","こうよど","ヒロヨト",,,,,
"式敷","しきじき","ヒロシキ",,,,,
"信木","のぶき","ヒロノフ",,,,,
"所木","ところぎ","ヒロトロ",,,,,
"船佐","ふなさ","ヒロフナ",,,,,
"（三）長谷","ながたに","ヒロナニ",,,,,
"粟屋","あわや","ヒロアワ",,,,,
"尾関山","おぜきやま","ヒロオセ",,,,,
"三滝","みたき","ヒロタキ",,,,,"可部"
"安芸長束","あきながつか","ヒロナツ",,,,,
"下祗園","しもぎおん","ヒロキオ",,,,,
"古市橋","ふるいちばし","ヒロフイ",,,,,
"（可）大町","おおまち","ヒロオマ",,,,,
"緑井","みどりい","ヒロミリ",,,,,
"七軒茶屋","しちけんぢゃや","ヒロヒチ",,,,,
"梅林","ばいりん","ヒロハリ",,,,,
"上八木","かみやぎ","ヒロカヤ",,,,,
"中島","なかしま","ヒロナカ",,,,,
"可部","かべ","ヒロカヘ",,,,,
"西岩国","にしいわくに","ヒロニイ",,,,,"岩徳"
"川西","かわにし","ヒロカニ",,,,,
"柱野","はしらの","ヒロラノ",,,,,
"欽明路","きんめいじ","ヒロキメ",,,,,
"玖珂","くが","ヒロクカ",,,,,
"周防高森","すおうたかもり","ヒロタモ",,,,,
"米川","よねかわ","ヒロヨネ",,,,,
"高水","たかみず","ヒロタミ",,,,,
"勝間","かつま","ヒロカツ",,,,,
"大河内","おおかわち","ヒロオチ",,,,,
"周防久保","すおうくぼ","ヒロクホ",,,,,
"生野屋","いくのや","ヒロイヤ",,,,,
"周防花岡","すおうはなおか","ヒロハナ",,,,,
"周防下郷","すおうしもごう","ヒロシコ",,,,,"山口"
"上郷","かみごう","ヒロカコ",,,,,
"仁保津","にほづ","ヒロニツ",,,,,
"大歳","おおとし","ヒロトシ",,,,,
"矢原","やばら","ヒロヤハ",,,,,
"湯田温泉","ゆだおんせん","ヒロユタ",,,,,
"山口","やまぐち","ヒロクチ",,,,,
"上山口","かみやまぐち","ヒロヤク",,,,,
"宮野","みやの","ヒロミノ",,,,,
"仁保","にほ","ヒロニホ",,,,,
"篠目","しのめ","ヒロノメ",,,,,
"長門峡","ちょうもんきょう","ヒロチモ",,,,,
"渡川","わたりがわ","ヒロワタ",,,,,
"三谷","みたに","ヒロミニ",,,,,
"名草","なぐさ","ヒロナク",,,,,
"地福","じふく","ヒロチフ",,,,,
"鍋倉","なべくら","ヒロナヘ",,,,,
"徳佐","とくさ","ヒロトサ",,,,,
"船平山","ふなひらやま","ヒロヒラ",,,,,
"津和野","つわの","ヒロツワ",,,,,
"青野山","あおのやま","ヒロノヤ",,,,,
"日原","にちはら","ヒロニチ",,,,,
"青原","あおはら","ヒロアオ",,,,,
"東青原","ひがしあおはら","ヒロヒア",,,,,
"石見横田","いわみよこた","ヒロヨコ",,,,,
"本俣賀","ほんまたが","ヒロホマ",,,,,
"上嘉川","かみかがわ","ヒロミカ",,,,,"宇部"
"深溝","ふかみぞ","ヒロフミ",,,,,
"周防佐山","すおうさやま","ヒロサヤ",,,,,
"岩倉","いわくら","ヒロイク",,,,,
"阿知須","あじす","ヒロアシ",,,,,
"岐波","きわ","ヒロキワ",,,,,
"丸尾","まるお","ヒロマル",,,,,
"床波","とこなみ","ヒロトコ",,,,,
"常盤","ときわ","ヒロトキ",,,,,
"草江","くさえ","ヒロサエ",,,,,
"宇部岬","うべみさき","ヒロウミ",,,,,
"東新川","ひがししんかわ","ヒロヒシ",,,,,
"琴芝","ことしば","ヒロコシ",,,,,
"宇部新川","うべしんかわ","ヒロウシ",,,,,
"居能","いのう","ヒロイノ",,,,,
"岩鼻","いわはな","ヒロイハ",,,,,
"妻崎","つまざき","ヒロツサ",,,,,"小野田1"
"長門長沢","ながとながさわ","ヒロナサ",,,,,
"雀田","すずめだ","ヒロスス",,,,,
"小野田港","おのだこう","ヒロオコ",,,,,
"南小野田","みなみおのだ","ヒロナオ",,,,,
"南中川","みなみなかがわ","ヒロナワ",,,,,
"目出","めで","ヒロメテ",,,,,
"浜河内","はまごうち","ヒロマコ",,,,,
"長門本山","ながともとやま","ヒロモト",,,,,"小野田2"
"湯ノ峠","ゆのとう","ヒロユト",,,,,"美祢"
"厚保","あつ","ヒロアツ",,,,,
"四郎ヶ原","しろうがはら","ヒロシロ",,,,,
"南大嶺","みなみおおみね","ヒロミオ",,,,,
"美祢","みね","ヒロミネ",,,,,
"重安","しげやす","ヒロシケ",,,,,
"於福","おふく","ヒロオフ",,,,,
"渋木","しぶき","ヒロシフ",,,,,
"長門湯本","ながとゆもと","ヒロユモ",,,,,
"板持","いたもち","ヒロモチ",,,,,
"仙崎","せんざき","ヒロセン",,,,,
"奈古","なご","ヨナナコ",,,,,"山陰"
"萩","はぎ","ヨナハキ",,,,,"山陰"
"博多南","はかたみなみ","モシハミ","福岡",,,,"博多南"
"新神戸","しんこうべ","オサシヘ",,9,,,"山陽新幹線"
"新尾道","しんおのみち","オカシノ",,,,,
"東広島","ひがしひろしま","ヒロヒヒ",,,,,
"新岩国","しんいわくに","ヒロシイ",,,,,
,,,,,,,
"門司港","もじこう","モシモコ","福岡",11,,,"鹿児島1"
"小森江","こもりえ","モシコモ","福岡",11,,,
"門司","もじ","モシモシ","福岡",11,,,
"小倉","こくら","モシコラ","福岡",11,,,
"西小倉","にしこくら","モシニコ","福岡",11,,,
"九州工大前","きゅうしゅうこうだいまえ","モシコエ","福岡",11,,,
"戸畑","とばた","モシトハ","福岡",11,,,
"枝光","えだみつ","ミシエミ","福岡",11,,,
"スペースワールド","すぺーすわーるど","モシスヘ","福岡",11,,,
"八幡","やはた","モシヤタ","福岡",11,,,
"黒崎","くろさき","モシクロ","福岡",11,,,
"陣原","じんのはる","モシシハ","福岡",11,,,
"折尾","おりお","モシオリ","福岡",11,,,
"水巻","みずまき","モシミス","福岡",,,,
"遠賀川","おんががわ","モシオン","福岡",,,,
"海老津","えびつ","モシエヒ","福岡",,,,
"教育大前","きょういくだいまえ","モシキマ","福岡",,,,
"赤間","あかま","モシアカ","福岡",,,,
"東郷","とうごう","モシトウ","福岡",,,,
"東福間","ひがしふくま","モシヒフ","福岡",,,,
"福間","ふくま","モシフク","福岡",,,,
"千鳥","ちどり","モシチト","福岡",,,,
"古賀","こが","モシコカ","福岡",,,,
"ししぶ","ししぶ","モシシフ","福岡",,,,
"新宮中央","しんぐうちゅうおう","モシシチ","福岡",,,,
"福工大前","ふっこうだいまえ","モシクウ","福岡",12,,,
"九産大前","きゅうさんだいまえ","モシサマ","福岡",12,,,
"香椎","かしい","モシカシ","福岡",12,,,
"千早","ちはや","モシチア","福岡",12,,,
"箱崎","はこざき","モシハキ","福岡",12,,,
"吉塚","よしづか","モシヨシ","福岡",12,,,
"博多","はかた","モシハカ","福岡",12,,,
"竹下","たけした","モシタケ","福岡",12,,,
"笹原","ささばる","モシサル","福岡",12,,,
"南福岡","みなみふくおか","モシミフ","福岡",12,,,
"春日","かすが","モシカス","福岡",,,,
"大野城","おおのじょう","モシオノ","福岡",,,,
"水城","みずき","モシミキ","福岡",,,,
"都府楼南","とふろうみなみ","モシトロ","福岡",,,,
"二日市","ふつかいち","モシフツ","福岡",,,,
"天拝山","てんぱいざん","モシテイ","福岡",,,,
"原田","はるだ","モシハル","福岡",,,,
"けやき台","けやきだい","モシケヤ","福岡",,,,
"基山","きやま","モシキヤ","福岡",,,,
"弥生が丘","やよいがおか","モシヤヨ","福岡",,,,
"田代","たしろ","モシタシ","福岡",,,,
"鳥栖","とす","モシトス","福岡",,,,
"肥前旭","ひぜんあさひ","モシサヒ",,,,,
"久留米","くるめ","モシクル",,,,,
"荒木","あらき","モシラキ",,,,,
"西牟田","にしむた","モシニム",,,,,
"羽犬塚","はいぬづか","モシハヌ",,,,,
"筑後船小屋","ちくごふなごや","モシコヤ",,,,,
"瀬高","せたか","モシセカ",,,,,
"南瀬高","みなみせたか","モシミセ",,,,,
"渡瀬","わたぜ","モシワセ",,,,,
"吉野","よしの","モシシノ",,,,,
"銀水","ぎんすい","モシキン",,,,,
"大牟田","おおむた","モシオム",,,,,
"（鹿）荒尾","あらお","クマラオ",,,,,
"南荒尾","みなみあらお","クマミア",,,,,
"長洲","ながす","クマカス",,,,,
"大野下","おおのしも","クマオノ",,,,,
"玉名","たまな","クマタマ",,,,,
"肥後伊倉","ひごいくら","クマクラ",,,,,
"木葉","このは","クマコノ",,,,,
"田原坂","たばるざか","クマハル",,,,,
"植木","うえき","クマウエ",,,,,
"西里","にしさと","クマサト",,,,,
"崇城大学前","そうじょうだいがくまえ","クマコマ",,,,,
"上熊本","かみくまもと","クマカミ",,,,,
"熊本","くまもと","クマクマ",,,,,
"川尻","かわしり","クマカワ",,,,,
"富合","とみあい","クマトミ",,,,,
"宇土","うと","クマウト",,,,,
"松橋","まつばせ","クママツ",,,,,
"小川","おがわ","クマオワ",,,,,
"有佐","ありさ","クマアリ",,,,,
"千丁","せんちょう","クマセン",,,,,
"新八代","しんやつしろ","クマヤロ",,,,,
"八代","やつしろ","クマヤツ",,,,,
"（鹿）川内","せんだい","カコセイ",,,,,"鹿児島2"
"隈之城","くまのじょう","カコクノ",,,,,
"木場茶屋","こばんちゃや","カコチヤ",,,,,
"串木野","くしきの","カコクシ",,,,,
"神村学園前","かみむらがくえんまえ","カコカム",,,,,
"市来","いちき","カコチキ",,,,,
"湯之元","ゆのもと","カコユノ",,,,,
"東市来","ひがしいちき","カコヒイ",,,,,
"伊集院","いじゅういん","カコシウ",,,,,
"薩摩松元","さつままつもと","カコモト",,,,,
"上伊集院","かみいじゅういん","カコカイ",,,,,
"鹿児島中央","かごしまちゅうおう","カコカオ",,,,,
"鹿児島","かごしま","カコカコ",,,,,
"南小倉","みなみこくら","モシミコ","福岡",11,,,"日豊"
"城野","じょうの","モシヨノ","福岡",11,,,
"安部山公園","あべやまこうえん","モシアコ","福岡",11,,,
"下曽根","しもそね","モシソネ","福岡",11,,,
"朽網","くさみ","モシクミ","福岡",11,,,
"苅田","かんだ","モシカリ","福岡",,,,
"小波瀬西工大前","おばせにしこうだいまえ","モシオハ","福岡",,,,
"行橋","ゆくはし","モシユク","福岡",,,,
"南行橋","みなみゆくはし","モシミユ",,,,,
"新田原","しんでんばる","モシシル",,,,,
"築城","ついき","モシツイ",,,,,
"椎田","しいだ","モシシタ",,,,,
"豊前松江","ぶぜんしょうえ","モシヨエ",,,,,
"宇島","うのしま","モシウノ",,,,,
"三毛門","みけかど","モシミケ",,,,,
"（豊）吉富","よしとみ","モシヨト",,,,,
"中津","なかつ","オイナツ",,,,,
"東中津","ひがしなかつ","オイヒナ",,,,,
"今津","いまづ","オイイツ",,,,,
"天津","あまつ","オイアツ",,,,,
"豊前善光寺","ぶぜんぜんこうじ","オイセセ",,,,,
"柳ヶ浦","やなぎがうら","オイヤナ",,,,,
"豊前長洲","ぶぜんながす","オイフナ",,,,,
"宇佐","うさ","オイウサ",,,,,
"西屋敷","にしやしき","オイニキ",,,,,
"立石","たていし","オイタテ",,,,,
"中山香","なかやまが","オイヤカ",,,,,
"杵築","きつき","オイツキ",,,,,
"大神","おおが","オイオオ",,,,,
"日出","ひじ","オイヒチ",,,,,
"暘谷","ようこく","オイコク",,,,,
"豊後豊岡","ぶんごとよおか","オイフト",,,,,
"亀川","かめがわ","オイカメ",,,,,
"別府大学","べっぷだいがく","オイヘク",,,,,
"別府","べっぷ","オイヘフ",,,,,
"東別府","ひがしべっぷ","オイヒヘ",,,,,
"西大分","にしおおいた","オイニオ",,,,,
"大分","おおいた","オイオイ",,,,,
"牧","まき","オイマキ",,,,,
"高城","たかじょう","オイタウ",,,,,
"鶴崎","つるさき","オイツル",,,,,
"大在","おおざい","オイサイ",,,,,
"坂ノ市","さかのいち","オイサチ",,,,,
"幸崎","こうざき","オイコオ",,,,,
"佐志生","さしう","オイサウ",,,,,
"下ノ江","したのえ","オイシノ",,,,,
"熊崎","くまさき","オイクキ",,,,,
"上臼杵","かみうすき","オイカウ",,,,,
"臼杵","うすき","オイスキ",,,,,
"津久見","つくみ","オイクミ",,,,,
"日代","ひしろ","オイヒシ",,,,,
"浅海井","あざむい","オイアム",,,,,
"狩生","かりう","オイリウ",,,,,
"海崎","かいざき","オイカヒ",,,,,
"佐伯","さいき","オイヘキ",,,,,
"上岡","かみおか","オイオカ",,,,,
"直見","なおみ","オイナミ",,,,,
"直川","なおかわ","オイナカ",,,,,
"重岡","しげおか","オイシオ",,,,,
"宗太郎","そうたろう","オイソタ",,,,,
"市棚","いちたな","カコチタ",,,,,
"北川","きたがわ","カコキワ",,,,,
"日向長井","ひゅうがながい","カコナイ",,,,,
"北延岡","きたのべおか","カコキノ",,,,,
"延岡","のべおか","カコノヘ",,,,,
"南延岡","みなみのべおか","カコノカ",,,,,
"旭ヶ丘","あさひがおか","カコアヒ",,,,,
"土々呂","ととろ","カコトト",,,,,
"門川","かどがわ","カコトワ",,,,,
"日向市","ひゅうがし","カコヒユ",,,,,
"財光寺","ざいこうじ","カコサコ",,,,,
"南日向","みなみひゅうが","カコミユ",,,,,
"美々津","みみつ","カコミミ",,,,,
"東都農","ひがしつの","カコヒツ",,,,,
"都農","つの","カコツノ",,,,,
"川南","かわみなみ","カコワミ",,,,,
"高鍋","たかなべ","カコナヘ",,,,,
"日向新富","ひゅうがしんとみ","カコヒミ",,,,,
"佐土原","さどわら","カコサラ",,,,,
"日向住吉","ひゅうがすみよし","カコヒヨ",,,,,
"蓮ヶ池","はすがいけ","カコハス",,,,,
"宮崎神宮","みやざきじんぐう","カコミウ",,,,,
"宮崎","みやざき","カコミサ",,,,,
"南宮崎","みなみみやざき","カコヤキ",,,,,
"加納","かのう","カコカノ",,,,,
"清武","きよたけ","カコヨケ",,,,,
"日向沓掛","ひゅうがくつかえ","カコクツ",,,,,
"田野","たの","カコタノ",,,,,
"青井岳","あおいだけ","カコアオ",,,,,
"山之口","やまのくち","カコヤク",,,,,
"餅原","もちばる","カコモハ",,,,,
"三股","みまた","カコマタ",,,,,
"都城","みやこのじょう","カコヤコ",,,,,
"西都城","にしみやこのじょう","カコニコ",,,,,
"五十市","いそいち","カコソチ",,,,,
"財部","たからべ","カコラヘ",,,,,
"北俣","きたまた","カコキマ",,,,,
"大隅大川原","おおすみおおかわら","カコオカ",,,,,
"北永野田","きたながのだ","カコキナ",,,,,
"霧島神宮","きりしまじんぐう","カコキリ",,,,,
"（豊）国分","こくぶ","カココク",,,,,
"隼人","はやと","カコハト",,,,,
"加治木","かじき","カコカチ",,,,,
"錦江","きんこう","カコキコ",,,,,
"帖佐","ちょうさ","カコテウ",,,,,
"姶良","あいら","カコアラ",,,,,
"重富","しげとみ","カコシケ",,,,,
"竜ヶ水","りゅうがみず","カコリウ",,,,,
"南久留米","みなみくるめ","モシルメ",,,,,"久大"
"久留米大学前","くるめだいがくまえ","モシルマ",,,,,
"御井","みい","モシミイ",,,,,
"善導寺","ぜんどうじ","モシセン",,,,,
"筑後草野","ちくごくさの","モシチサ",,,,,
"田主丸","たぬしまる","モシヌシ",,,,,
"筑後吉井","ちくごよしい","モシチヨ",,,,,
"うきは","うきは","モシウサ",,,,,
"筑後大石","ちくごおおいし","モシホイ",,,,,
"夜明","よあけ","モシヨア",,,,,
"光岡","てるおか","モシテル",,,,,
"日田","ひた","モシヒタ",,,,,
"豊後三芳","ぶんごみよし","モシフミ",,,,,
"豊後中川","ぶんごなかがわ","オイフハ",,,,,
"天ヶ瀬","あまがせ","オイアマ",,,,,
"杉河内","すぎかわち","オイスカ",,,,,
"北山田","きたやまだ","オイキヤ",,,,,
"豊後森","ぶんごもり","オイフモ",,,,,
"恵良","えら","オイエラ",,,,,
"引治","ひきじ","オイキチ",,,,,
"豊後中村","ぶんごなかむら","オイナム",,,,,
"野矢","のや","オイノヤ",,,,,
"由布院","ゆふいん","オイユフ",,,,,
"南由布","みなみゆふ","オイミフ",,,,,
"湯平","ゆのひら","オイユヒ",,,,,
"庄内","しょうない","オイヨナ",,,,,
"天神山","てんじんやま","オイテマ",,,,,
"小野屋","おのや","オイオノ",,,,,
"鬼瀬","おにがせ","オイオセ",,,,,
"向之原","むかいのはる","オイムカ",,,,,
"豊後国分","ぶんごこくぶ","オイフコ",,,,,
"賀来","かく","オイカキ",,,,,
"南大分","みなみおおいた","オイウイ",,,,,
"古国府","ふるごう","オイフル",,,,,
"平成","へいせい","クマヘセ",,,,,"豊肥"
"南熊本","みなみくまもと","クマミモ",,,,,
"新水前寺","しんすいぜんじ","クマシセ",,,,,
"水前寺","すいぜんじ","クマスイ",,,,,
"東海学園前","とうかいがくえんまえ","クマトカ",,,,,
"竜田口","たつたぐち","クマタツ",,,,,
"武蔵塚","むさしづか","クマムサ",,,,,
"光の森","ひかりのもり","クマヒモ",,,,,
"三里木","さんりぎ","クマサン",,,,,
"原水","はらみず","クマハラ",,,,,
"肥後大津","ひごおおづ","クマオツ",,,,,
"（豊肥）瀬田","せた","クマセタ",,,,,
"立野","たての","クマタテ",,,,,
"赤水","あかみず","クマアカ",,,,,
"市ノ川","いちのかわ","クマイカ",,,,,
"内牧","うちのまき","クマウチ",,,,,
"阿蘇","あそ","クマアソ",,,,,
"いこいの村","いこいのむら","クマイコ",,,,,
"宮地","みやじ","クマミヤ",,,,,
"波野","なみの","クマナミ",,,,,
"滝水","たきみず","クマタキ",,,,,
"豊後荻","ぶんごおぎ","オイフオ",,,,,
"玉来","たまらい","オイライ",,,,,
"豊後竹田","ぶんごたけた","オイケタ",,,,,
"朝地","あさじ","オイアチ",,,,,
"緒方","おがた","オイオタ",,,,,
"豊後清川","ぶんごきよかわ","オイフキ",,,,,
"三重町","みえまち","オイミヘ",,,,,
"菅尾","すがお","オイスオ",,,,,
"犬飼","いぬかい","オイイヌ",,,,,
"竹中","たけなか","オイケナ",,,,,
"中判田","なかはんだ","オイナハ",,,,,
"大分大学前","おおいただいがくまえ","オイオマ",,,,,
"敷戸","しきど","オイシキ",,,,,
"滝尾","たきお","オイタキ",,,,,
"石田","いしだ","モシイシ","福岡",11,,,"日田彦山"
"志井公園","しいこうえん","モシイコ","福岡",11,,,
"志井","しい","モシシイ","福岡",11,,,
"石原町","いしはらまち","モシラマ","福岡",11,,,
"呼野","よぶの","モシヨフ","福岡",11,,,
"採銅所","さいどうしょ","モシシヨ","福岡",,,,
"香春","かわら","モシカハ","福岡",,,,
"一本松","いっぽんまつ","モシイホ","福岡",,,,
"田川伊田","たがわいた","モシイタ","福岡",,,,
"田川後藤寺","たがわごとうじ","モシコト","福岡",,,,
"池尻","いけじり","モシイケ","福岡",,,,
"豊前川崎","ぶぜんかわさき","モシフカ","福岡",,,,
"西添田","にしそえだ","モシニソ","福岡",,,,
"添田","そえだ","モシソエ","福岡",,,,
"豊前桝田","ぶぜんますだ","モシマス","福岡",,,,
"彦山","ひこさん","モシサン","福岡",,,,
"筑前岩屋","ちくぜんいわや","モシチイ","福岡",,,,
"大行司","だいぎょうじ","モシタイ","福岡",,,,
"宝珠山","ほうしゅやま","モシホユ","福岡",,,,
"大鶴","おおつる","モシオル","福岡",,,,
"今山","いまやま","モシマヤ","福岡",,,,
"肥前麓","ひぜんふもと","モシフモ",,,,,"長崎"
"中原","なかばる","モシナカ",,,,,
"吉野ヶ里公園","よしのがりこうえん","モシヨリ",,,,,
"神崎","かんざき","モシカン",,,,,
"伊賀屋","いがや","モシイヤ",,,,,
"佐賀","さが","モシサカ",,,,,
"鍋島","なべしま","モシナヘ",,,,,
"バルーンさが","ばるーんさが","モシルン",,,,,
"久保田","くぼた","モシクホ",,,,,
"牛津","うしづ","モシウシ",,,,,
"肥前山口","ひぜんやまぐち","モシヤマ",,,,,
"肥前白石","ひぜんしろいし","モシシロ",,,,,
"肥前竜王","ひぜんりゅうおう","モシリウ",,,,,
"肥前鹿島","ひぜんかしま","モシシマ",,,,,
"肥前浜","ひぜんはま","モシハマ",,,,,
"肥前七浦","ひぜんななうら","モシナナ",,,,,
"肥前飯田","ひぜんいいだ","モシイイ",,,,,
"多良","たら","モシタラ",,,,,
"肥前大浦","ひぜんおおうら","モシオラ",,,,,
"小長井","こながい","モシコナ",,,,,
"長里","ながさと","モシナト",,,,,
"湯江","ゆえ","モシユエ",,,,,
"小江","おえ","モシオエ",,,,,
"肥前長田","ひぜんながた","モシヒナ",,,,,
"東諌早","ひがしいさはや","モシヒイ",,,,,
"諫早","いさはや","モシイハ",,,,,
"西諫早","にしいさはや","モシニハ",,,,,
"喜々津","ききつ","モシキキ",,,,,
"市布","いちぬの","モシイヌ",,,,,
"肥前古賀","ひぜんこが","モシセコ",,,,,
"現川","うつつがわ","モシウツ",,,,,
"浦上","うらかみ","モシウラ",,,,,
"長崎","ながさき","モシサキ",,,,,
"東園","ひがしその","モシヒソ",,,,,"長崎2"
"大草","おおくさ","モシクサ",,,,,
"本川内","ほんかわち","モシホカ",,,,,
"長与","ながよ","モシナヨ",,,,,
"（長）高田","こうだ","モシコウ",,,,,
"道ノ尾","みちのお","モシミチ",,,,,
"西浦上","にしうらかみ","モシラカ",,,,,
"（佐世）大町","おおまち","モシオマ",,,,,"佐世保"
"北方","きたがた","モシキタ",,,,,
"高橋","たかはし","モシハシ",,,,,
"武雄温泉","たけおおんせん","モシケオ",,,,,
"永尾","ながお","モシナオ",,,,,
"三間坂","みまさか","モシミマ",,,,,
"上有田","かみありた","モシカア",,,,,
"有田","ありた","モシアリ",,,,,
"三河内","みかわち","モシミカ",,,,,
"早岐","はいき","モシハイ",,,,,
"大塔","だいとう","モシタト",,,,,
"日宇","ひう","モシヒウ",,,,,
"佐世保","させぼ","モシサホ",,,,,
"ハウステンボス","はうすてんぼす","モシハテ",,,,,"大村"
"南風崎","はえのさき","モシハエ",,,,,
"小串郷","おぐしごう","モシクシ",,,,,
"川棚","かわたな","モシタナ",,,,,
"彼杵","そのぎ","モシソノ",,,,,
"千綿","ちわた","モシチワ",,,,,
"松原","まつばら","モシマツ",,,,,
"竹松","たけまつ","モシケマ",,,,,
"諏訪","すわ","モシスワ",,,,,
"大村","おおむら","モシムラ",,,,,
"岩松","いわまつ","モシワマ",,,,,
"小城","おぎ","モシオキ",,,,,"唐津"
"東多久","ひがしたく","モシヒク",,,,,
"中多久","なかたく","モシナク",,,,,
"多久","たく","モシタク",,,,,
"厳木","きゅうらぎ","モシキウ",,,,,
"岩屋","いわや","モシワヤ",,,,,
"相知","おうち","モシオチ",,,,,
"本牟田部","ほんむたべ","モシホム",,,,,
"山本","やまもと","モシヤモ",,,,,
"鬼塚","おにづか","モシオニ",,,,,
"唐津","からつ","モシカラ",,,,,
"西唐津","にしからつ","モシニシ",,,,,
"肥前久保","ひぜんくぼ","モシセク",,,,,"筑肥"
"西相知","にしおうち","モシニチ",,,,,
"佐里","さり","モシサリ",,,,,
"駒鳴","こまなき","モシコマ",,,,,
"大川野","おおかわの","モシオカ",,,,,
"肥前長野","ひぜんながの","モシナノ",,,,,
"桃川","もものかわ","モシモモ",,,,,
"金石原","かないしはら","モシハラ",,,,,
"上伊万里","かみいまり","モシマリ",,,,,
"伊万里","いまり","モシイマ",,,,,
"姪浜","めいのはま","モシメイ",,,,,"筑肥2"
"下山門","しもやまと","モシシト",,,,,
"今宿","いまじゅく","モシイク",,,,,
"九大学研都市","きゅうだいがっけんとし","モシトシ",,,,,
"周船寺","すせんじ","モシスセ",,,,,
"波多江","はたえ","モシタエ",,,,,
"筑前前原","ちくぜんまえばる","モシマエ",,,,,
"美咲が丘","みさきがおか","モシミエ",,,,,
"加布里","かふり","モシカフ",,,,,
"一貴山","いきさん","モシイキ",,,,,
"筑前深江","ちくぜんふかえ","モシチフ",,,,,
"大入","だいにゅう","モシニウ",,,,,
"福吉","ふくよし","モシフヨ",,,,,
"鹿家","しかか","モシシカ",,,,,
"浜崎","はまさき","モシハサ",,,,,
"虹ノ松原","にじのまつばら","モシニラ",,,,,
"東唐津","ひがしからつ","モシラツ",,,,,
"和多田","わただ","モシワタ",,,,,
"若松","わかまつ","モシワカ","福岡",11,,,"筑豊"
"藤ノ木","ふじのき","モシノキ","福岡",11,,,
"奥洞海","おくどうかい","モシトカ","福岡",11,,,
"二島","ふたじま","モシフタ","福岡",11,,,
"本城","ほんじょう","モシホン","福岡",11,,,
"東水巻","ひがしみずまき","モシヒマ","福岡",,,,
"中間","なかま","モシカマ","福岡",,,,
"筑前垣生","ちくぜんはぶ","モシハフ","福岡",,,,
"鞍手","くらて","モシクラ","福岡",,,,
"筑前植木","ちくぜんうえき","モシチク","福岡",,,,
"新入","しんにゅう","モシシウ","福岡",,,,
"直方","のおがた","モシノウ","福岡",,,,
"勝野","かつの","モシカツ","福岡",,,,
"小竹","こたけ","モシコケ","福岡",,,,
"鯰田","なまずた","モシナマ","福岡",,,,
"浦田","うらた","モシラタ","福岡",,,,
"新飯塚","しんいいづか","モシシツ","福岡",,,,
"飯塚","いいづか","モシツカ","福岡",,,,
"天道","てんとう","モシテン","福岡",,,,
"（筑）桂川","けいせん","モシケイ","福岡",,,,
"上穂波","かみほなみ","モシホナ","福岡",,,,
"筑前内野","ちくぜんうちの","モシチチ","福岡",,,,
"筑前山家","ちくぜんやまえ","モシチエ","福岡",,,,
"筑前大分","ちくぜんだいぶ","モシタフ","福岡",,,,"篠栗"
"九郎原","くろうばる","モシロウ","福岡",,,,
"城戸南蔵院前","きどなんぞういんまえ","モシキト","福岡",,,,
"筑前山手","ちくぜんやまて","モシヤテ","福岡",,,,
"篠栗","ささぐり","モシサク","福岡",,,,
"門松","かどまつ","モシトマ","福岡",,,,
"長者原","ちょうじゃばる","モシチハ","福岡",,,,
"原町","はるまち","モシマチ","福岡",,,,
"柚須","ゆす","モシサス","福岡",,,,
"西戸崎","さいとざき","モシサイ","福岡",12,,,"香椎"
"海ノ中道","うみのなかみち","モシナミ","福岡",12,,,
"雁ノ巣","がんのす","モシノス","福岡",12,,,
"奈多","なた","モシナタ","福岡",12,,,
"和白","わじろ","モシワシ","福岡",12,,,
"香椎神宮","かしいじんぐう","モシカカ","福岡",12,,,
"舞松原","まいまつばら","モシママ","福岡",12,,,
"土井","どい","モシトイ","福岡",12,,,
"伊賀","いが","モシイカ","福岡",,,,
"酒殿","さかど","モシカト","福岡",,,,
"須恵","すえ","モシスエ","福岡",,,,
"須恵中央","すえちゅうおう","モシスチ","福岡",,,,
"新原","しんばる","モシシン","福岡",,,,
"宇美","うみ","モシウミ","福岡",,,,
"上三緒","かみみお","モシミオ","福岡",,,,"後藤寺"
"下鴨生","しもかもお","モシモカ","福岡",,,,
"筑前庄内","ちくぜんしょうない","モシクセ","福岡",,,,
"船尾","ふなお","モシフナ","福岡",,,,
"緑川","みどりかわ","クマミカ",,,,,"三角"
"（三）住吉","すみよし","クマスミ",,,,,
"肥後長浜","ひごながはま","クマハマ",,,,,
"網田","おうだ","クマオタ",,,,,
"赤瀬","あかせ","クマアセ",,,,,
"石打ダム","いしうちだむ","クマウタ",,,,,
"波多浦","はたうら","クマハタ",,,,,
"三角","みすみ","クマミス",,,,,
"段","だん","クマタン",,,,,"肥薩"
"坂本","さかもと","クマモト",,,,,
"葉木","はき","クマハキ",,,,,
"鎌瀬","かませ","クマカマ",,,,,
"瀬戸石","せといし","クマセト",,,,,
"海路","かいじ","クマカチ",,,,,
"吉尾","よしお","クマヨシ",,,,,
"（肥）白石","しろいし","クマシロ",,,,,
"球泉洞","きゅうせんどう","クマキセ",,,,,
"一勝地","いっしょうち","クマイチ",,,,,
"那良口","ならぐち","クマナラ",,,,,
"渡","わたり","クマタリ",,,,,
"西人吉","にしひとよし","クマニヨ",,,,,
"人吉","ひとよし","クマヒト",,,,,
"大畑","おこば","クマオコ",,,,,
"矢岳","やたけ","クマヤケ",,,,,
"真幸","まさき","クママサ",,,,,
"吉松","よしまつ","カコヨマ",,,,,
"栗野","くりの","カコクリ",,,,,
"大隅横川","おおすみよこがわ","カコヨコ",,,,,
"植村","うえむら","カコウム",,,,,
"霧島温泉","きりしまおんせん","カコキチ",,,,,
"嘉例川","かれいがわ","カコカレ",,,,,
"中福良","なかふくら","カコナフ",,,,,
"表木山","ひょうきやま","カコヒキ",,,,,
"日当山","ひなたやま","カコヒナ",,,,,
"日向庄内","ひゅうがしょうない","カコシヨ",,,,,"吉都"
"谷頭","たにがしら","カコタニ",,,,,
"万ヶ塚","まんがつか","カコマン",,,,,
"東高崎","ひがしたかさき","カコカサ",,,,,
"高崎新田","たかさきしんでん","カコタサ",,,,,
"日向前田","ひゅうがまえだ","カコヒマ",,,,,
"高原","たかはる","カコタハ",,,,,
"広原","ひろわら","カコロワ",,,,,
"（吉）小林","こばやし","カココハ",,,,,
"西小林","にしこばやし","カコヤシ",,,,,
"えびの飯野","えびのいいの","カコイイ",,,,,
"えびの上江","えびのうわえ","カコウワ",,,,,
"えびの","えびの","カコエヒ",,,,,
"京町温泉","きょうまちおんせん","カコキヨ",,,,,
"鶴丸","つるまる","カコマル",,,,,
"田吉","たよし","カコタヨ",,,,,"日南"
"南方","みなみかた","カコミタ",,,,,
"木花","きばな","カコハナ",,,,,
"運動公園","うんどうこうえん","カコウコ",,,,,
"曽山寺","そさんじ","カコソサ",,,,,
"子供の国","こどものくに","カココモ",,,,,
"青島","あおしま","カコアシ",,,,,
"折生迫","おりゅうざこ","カコオコ",,,,,
"内海","うちうみ","カコチミ",,,,,
"小内海","こうちうみ","カココミ",,,,,
"伊比井","いびい","カコイヒ",,,,,
"北郷","きたごう","カコキタ",,,,,
"内之田","うちのだ","カコウチ",,,,,
"飫肥","おび","カコオヒ",,,,,
"日南","にちなん","カコニナ",,,,,
"油津","あぶらつ","カコラツ",,,,,
"大堂津","おおどうつ","カコトツ",,,,,
"南郷","なんごう","カコナウ",,,,,
"谷之口","たにのくち","カコクチ",,,,,
"榎原","よわら","カコヨハ",,,,,
"日向大束","ひゅうがおおつか","カコオツ",,,,,
"日向北方","ひゅうがきたかた","カコウキ",,,,,
"串間","くしま","カコシマ",,,,,
"福島今町","ふくしまいままち","カコフイ",,,,,
"福島高松","ふくしまたかまつ","カコタマ",,,,,
"大隅夏井","おおすみなつい","カコオナ",,,,,
"志布志","しぶし","カコシシ",,,,,
"宮崎空港","みやざきくうこう","カコミク",,,,,"宮崎空港"
"郡元","こおりもと","カココオ",,,,,"指宿枕崎"
"南鹿児島","みなみかごしま","カコミカ",,,,,
"宇宿","うすき","カコウス",,,,,
"谷山","たにやま","カコタヤ",,,,,
"慈眼寺","じげんじ","カコシカ",,,,,
"坂之上","さかのうえ","カコサノ",,,,,
"五位野","ごいの","カココイ",,,,,
"平川","ひらかわ","カコヒラ",,,,,
"瀬々串","せせくし","カコセセ",,,,,
"中名","なかみょう","カコナカ",,,,,
"喜入","きいれ","カコキイ",,,,,
"前之浜","まえのはま","カコマエ",,,,,
"生見","ぬくみ","カコヌク",,,,,
"薩摩今和泉","さつまいまいずみ","カコイマ",,,,,
"宮ヶ浜","みやがはま","カコミヤ",,,,,
"二月田","にがつでん","カコニク",,,,,
"指宿","いぶすき","カコイス",,,,,
"山川","やまかわ","カコマワ",,,,,
"大山","おおやま","カコオヤ",,,,,
"西大山","にしおおやま","カコニオ",,,,,
"薩摩川尻","さつまかわしり","カコワリ",,,,,
"東開聞","ひがしかいもん","カコヒカ",,,,,
"開聞","かいもん","カコイモ",,,,,
"（指）入野","いりの","カコイノ",,,,,
"頴娃","えい","カコエイ",,,,,
"西頴娃","にしえい","カコニエ",,,,,
"御領","ごりょう","カコリヨ",,,,,
"石垣","いしかき","カコイシ",,,,,
"水成川","みずなりかわ","カコミリ",,,,,
"頴娃大川","えいおおかわ","カコエオ",,,,,
"松ヶ浦","まつがうら","カコマツ",,,,,
"薩摩塩屋","さつましおや","カコシヤ",,,,,
"（指）白沢","しらさわ","カコシサ",,,,,
"薩摩板敷","さつまいたしき","カコサイ",,,,,
"枕崎","まくらざき","カコマク",,,,,
"新鳥栖","しんとす","モシニト",,,,,"九州新幹線"
"新大牟田","しんおおむた","モシシム",,,,,
"新玉名","しんたまな","クマシタ",,,,,
"新水俣","しんみなまた","クマシナ",,,,,
"出水","いずみ","カコシス",,,,,
